"posterColumn href","posterColumn src","titleColumn","titleColumn 2","secondaryInfo","ratingColumn"
"https://www.imdb.com/title/tt5491994/?pf_rd_m=A2FGELUUNOQJNL&pf_rd_p=12230b0e-0e00-43ed-9e59-8d5353703cce&pf_rd_r=20A1367B4J4KCQPGR7TR&pf_rd_s=center-1&pf_rd_t=15506&pf_rd_i=toptv&ref_=chttvtp_tt_1","https://m.media-amazon.com/images/M/MV5BMGZmYmQ5NGQtNWQ1MC00NWZlLTg0MjYtYjJjMzQ5ODgxYzRkXkEyXkFqcGdeQXVyNjAwNDUxODI@._V1_UY67_CR1,0,45,67_AL_.jpg","1.","Planet Earth II","(2016)","9.4"
"https://www.imdb.com/title/tt0903747/?pf_rd_m=A2FGELUUNOQJNL&pf_rd_p=12230b0e-0e00-43ed-9e59-8d5353703cce&pf_rd_r=20A1367B4J4KCQPGR7TR&pf_rd_s=center-1&pf_rd_t=15506&pf_rd_i=toptv&ref_=chttvtp_tt_2","https://m.media-amazon.com/images/M/MV5BYmQ4YWMxYjUtNjZmYi00MDQ1LWFjMjMtNjA5ZDdiYjdiODU5XkEyXkFqcGdeQXVyMTMzNDExODE5._V1_UX45_CR0,0,45,67_AL_.jpg","2.","Breaking Bad","(2008)","9.4"
"https://www.imdb.com/title/tt0795176/?pf_rd_m=A2FGELUUNOQJNL&pf_rd_p=12230b0e-0e00-43ed-9e59-8d5353703cce&pf_rd_r=20A1367B4J4KCQPGR7TR&pf_rd_s=center-1&pf_rd_t=15506&pf_rd_i=toptv&ref_=chttvtp_tt_3","https://m.media-amazon.com/images/M/MV5BMzMyYjg0MGMtMTlkMy00OGFiLWFiNTYtYmFmZWNmMDFlMzkwXkEyXkFqcGdeQXVyNjAwNDUxODI@._V1_UY67_CR1,0,45,67_AL_.jpg","3.","Planet Earth","(2006)","9.4"
"https://www.imdb.com/title/tt0185906/?pf_rd_m=A2FGELUUNOQJNL&pf_rd_p=12230b0e-0e00-43ed-9e59-8d5353703cce&pf_rd_r=20A1367B4J4KCQPGR7TR&pf_rd_s=center-1&pf_rd_t=15506&pf_rd_i=toptv&ref_=chttvtp_tt_4","https://m.media-amazon.com/images/M/MV5BMTI3ODc2ODc0M15BMl5BanBnXkFtZTYwMjgzNjc3._V1_UX45_CR0,0,45,67_AL_.jpg","4.","Band of Brothers","(2001)","9.4"
"https://www.imdb.com/title/tt7366338/?pf_rd_m=A2FGELUUNOQJNL&pf_rd_p=12230b0e-0e00-43ed-9e59-8d5353703cce&pf_rd_r=20A1367B4J4KCQPGR7TR&pf_rd_s=center-1&pf_rd_t=15506&pf_rd_i=toptv&ref_=chttvtp_tt_5","https://m.media-amazon.com/images/M/MV5BNTdkN2QwMDItMDVhNS00ZjFiLWEzNTctMzY5ODQzYWNkMDllXkEyXkFqcGdeQXVyMTMzNDExODE5._V1_UY67_CR2,0,45,67_AL_.jpg","5.","Chernobyl","(2019)","9.3"
"https://www.imdb.com/title/tt0306414/?pf_rd_m=A2FGELUUNOQJNL&pf_rd_p=12230b0e-0e00-43ed-9e59-8d5353703cce&pf_rd_r=20A1367B4J4KCQPGR7TR&pf_rd_s=center-1&pf_rd_t=15506&pf_rd_i=toptv&ref_=chttvtp_tt_6","https://m.media-amazon.com/images/M/MV5BNTllYzFhMjAtZjExNS00MjM4LWE5YmMtOGFiZGRlOTU5YzJiXkEyXkFqcGdeQXVyNDIzMzcwNjc@._V1_UX45_CR0,0,45,67_AL_.jpg","6.","The Wire","(2002)","9.3"
"https://www.imdb.com/title/tt0417299/?pf_rd_m=A2FGELUUNOQJNL&pf_rd_p=12230b0e-0e00-43ed-9e59-8d5353703cce&pf_rd_r=20A1367B4J4KCQPGR7TR&pf_rd_s=center-1&pf_rd_t=15506&pf_rd_i=toptv&ref_=chttvtp_tt_7","https://m.media-amazon.com/images/M/MV5BODc5YTBhMTItMjhkNi00ZTIxLWI0YjAtNTZmOTY0YjRlZGQ0XkEyXkFqcGdeQXVyODUwNjEzMzg@._V1_UY67_CR0,0,45,67_AL_.jpg","7.","Avatar: The Last Airbender","(2005)","9.2"
"https://www.imdb.com/title/tt6769208/?pf_rd_m=A2FGELUUNOQJNL&pf_rd_p=12230b0e-0e00-43ed-9e59-8d5353703cce&pf_rd_r=20A1367B4J4KCQPGR7TR&pf_rd_s=center-1&pf_rd_t=15506&pf_rd_i=toptv&ref_=chttvtp_tt_8","https://m.media-amazon.com/images/M/MV5BNDZiNDllMTAtOTgxZi00NzNiLWFhNzUtOGUwZWZjZGNjZTMyXkEyXkFqcGdeQXVyNjAwNDUxODI@._V1_UX45_CR0,0,45,67_AL_.jpg","8.","Blue Planet II","(2017)","9.2"
"https://www.imdb.com/title/tt0141842/?pf_rd_m=A2FGELUUNOQJNL&pf_rd_p=12230b0e-0e00-43ed-9e59-8d5353703cce&pf_rd_r=20A1367B4J4KCQPGR7TR&pf_rd_s=center-1&pf_rd_t=15506&pf_rd_i=toptv&ref_=chttvtp_tt_9","https://m.media-amazon.com/images/M/MV5BZGJjYzhjYTYtMDBjYy00OWU1LTg5OTYtNmYwOTZmZjE3ZDdhXkEyXkFqcGdeQXVyNTAyODkwOQ@@._V1_UY67_CR1,0,45,67_AL_.jpg","9.","The Sopranos","(1999)","9.2"
"https://www.imdb.com/title/tt2395695/?pf_rd_m=A2FGELUUNOQJNL&pf_rd_p=12230b0e-0e00-43ed-9e59-8d5353703cce&pf_rd_r=20A1367B4J4KCQPGR7TR&pf_rd_s=center-1&pf_rd_t=15506&pf_rd_i=toptv&ref_=chttvtp_tt_10","https://m.media-amazon.com/images/M/MV5BZTk5OTQyZjYtMDk3Yy00YjhmLWE2MTYtZmY4NTg1YWUzZTQ0XkEyXkFqcGdeQXVyNTA4NzY1MzY@._V1_UY67_CR0,0,45,67_AL_.jpg","10.","Cosmos: A Spacetime Odyssey","(2014)","9.2"
"https://www.imdb.com/title/tt0081846/?pf_rd_m=A2FGELUUNOQJNL&pf_rd_p=12230b0e-0e00-43ed-9e59-8d5353703cce&pf_rd_r=20A1367B4J4KCQPGR7TR&pf_rd_s=center-1&pf_rd_t=15506&pf_rd_i=toptv&ref_=chttvtp_tt_11","https://m.media-amazon.com/images/M/MV5BM2YzYzc0OWUtNmIwZi00MTBlLThjYTgtYmU1ODlhMzdjMzdjXkEyXkFqcGdeQXVyNjAwNDUxODI@._V1_UX45_CR0,0,45,67_AL_.jpg","11.","Cosmos","(1980)","9.2"
"https://www.imdb.com/title/tt9253866/?pf_rd_m=A2FGELUUNOQJNL&pf_rd_p=12230b0e-0e00-43ed-9e59-8d5353703cce&pf_rd_r=20A1367B4J4KCQPGR7TR&pf_rd_s=center-1&pf_rd_t=15506&pf_rd_i=toptv&ref_=chttvtp_tt_12","https://m.media-amazon.com/images/M/MV5BZmM2OWEyN2EtZWY2NS00ZDA3LWFlNTAtNzUzMGQwZWVlZmE4XkEyXkFqcGdeQXVyNjAwNDUxODI@._V1_UY67_CR1,0,45,67_AL_.jpg","12.","Our Planet","(2019)","9.2"
"https://www.imdb.com/title/tt0944947/?pf_rd_m=A2FGELUUNOQJNL&pf_rd_p=12230b0e-0e00-43ed-9e59-8d5353703cce&pf_rd_r=20A1367B4J4KCQPGR7TR&pf_rd_s=center-1&pf_rd_t=15506&pf_rd_i=toptv&ref_=chttvtp_tt_13","https://m.media-amazon.com/images/M/MV5BYTRiNDQwYzAtMzVlZS00NTI5LWJjYjUtMzkwNTUzMWMxZTllXkEyXkFqcGdeQXVyNDIzMzcwNjc@._V1_UY67_CR2,0,45,67_AL_.jpg","13.","Game of Thrones","(2011)","9.1"
"https://www.imdb.com/title/tt0071075/?pf_rd_m=A2FGELUUNOQJNL&pf_rd_p=12230b0e-0e00-43ed-9e59-8d5353703cce&pf_rd_r=20A1367B4J4KCQPGR7TR&pf_rd_s=center-1&pf_rd_t=15506&pf_rd_i=toptv&ref_=chttvtp_tt_14","https://m.media-amazon.com/images/M/MV5BZTIwOWEyMjctMjQwNS00ODZiLThmMWEtYWQ1OWFiYzQ2OWYwXkEyXkFqcGdeQXVyNjAwNDUxODI@._V1_UX45_CR0,0,45,67_AL_.jpg","14.","The World at War","(1973)","9.1"
"https://www.imdb.com/title/tt2861424/?pf_rd_m=A2FGELUUNOQJNL&pf_rd_p=12230b0e-0e00-43ed-9e59-8d5353703cce&pf_rd_r=20A1367B4J4KCQPGR7TR&pf_rd_s=center-1&pf_rd_t=15506&pf_rd_i=toptv&ref_=chttvtp_tt_15","https://m.media-amazon.com/images/M/MV5BZjRjOTFkOTktZWUzMi00YzMyLThkMmYtMjEwNmQyNzliYTNmXkEyXkFqcGdeQXVyNzQ1ODk3MTQ@._V1_UX45_CR0,0,45,67_AL_.jpg","15.","Rick and Morty","(2013)","9.1"
"https://www.imdb.com/title/tt1355642/?pf_rd_m=A2FGELUUNOQJNL&pf_rd_p=12230b0e-0e00-43ed-9e59-8d5353703cce&pf_rd_r=20A1367B4J4KCQPGR7TR&pf_rd_s=center-1&pf_rd_t=15506&pf_rd_i=toptv&ref_=chttvtp_tt_16","https://m.media-amazon.com/images/M/MV5BZmEzN2YzOTItMDI5MS00MGU4LWI1NWQtOTg5ZThhNGQwYTEzXkEyXkFqcGdeQXVyNTA4NzY1MzY@._V1_UY67_CR1,0,45,67_AL_.jpg","16.","Fullmetal Alchemist: Brotherhood","(2009)","9.0"
"https://www.imdb.com/title/tt8420184/?pf_rd_m=A2FGELUUNOQJNL&pf_rd_p=12230b0e-0e00-43ed-9e59-8d5353703cce&pf_rd_r=20A1367B4J4KCQPGR7TR&pf_rd_s=center-1&pf_rd_t=15506&pf_rd_i=toptv&ref_=chttvtp_tt_17","https://m.media-amazon.com/images/M/MV5BY2U1ZTU4OWItNGU2MC00MTg1LTk4NzUtYTk3ODhjYjI0MzlmXkEyXkFqcGdeQXVyMTkxNjUyNQ@@._V1_UX45_CR0,0,45,67_AL_.jpg","17.","The Last Dance","(2020)","9.0"
"https://www.imdb.com/title/tt1533395/?pf_rd_m=A2FGELUUNOQJNL&pf_rd_p=12230b0e-0e00-43ed-9e59-8d5353703cce&pf_rd_r=20A1367B4J4KCQPGR7TR&pf_rd_s=center-1&pf_rd_t=15506&pf_rd_i=toptv&ref_=chttvtp_tt_18","https://m.media-amazon.com/images/M/MV5BNjJhMTAxZjYtNWZkYy00Nzg1LTlkYjItZTNhZWRjNzkxMDg3XkEyXkFqcGdeQXVyNTA4NzY1MzY@._V1_UY67_CR1,0,45,67_AL_.jpg","18.","Life","(2009)","9.0"
"https://www.imdb.com/title/tt7678620/?pf_rd_m=A2FGELUUNOQJNL&pf_rd_p=12230b0e-0e00-43ed-9e59-8d5353703cce&pf_rd_r=20A1367B4J4KCQPGR7TR&pf_rd_s=center-1&pf_rd_t=15506&pf_rd_i=toptv&ref_=chttvtp_tt_19","https://m.media-amazon.com/images/M/MV5BMDBiNDI3YjQtNDdkNS00ZDliLTlmMmQtMDE4ZWM1ZGIyNjljXkEyXkFqcGdeQXVyNTE1NjY5Mg@@._V1_UX45_CR0,0,45,67_AL_.jpg","19.","Bluey","(2018)","9.0"
"https://www.imdb.com/title/tt0052520/?pf_rd_m=A2FGELUUNOQJNL&pf_rd_p=12230b0e-0e00-43ed-9e59-8d5353703cce&pf_rd_r=20A1367B4J4KCQPGR7TR&pf_rd_s=center-1&pf_rd_t=15506&pf_rd_i=toptv&ref_=chttvtp_tt_20","https://m.media-amazon.com/images/M/MV5BNTAzMDI5MzgtMGNkMC00MzllLWJhNjctNjA1NmViNGUxMzYxXkEyXkFqcGdeQXVyMTQxNzMzNDI@._V1_UX45_CR0,0,45,67_AL_.jpg","20.","The Twilight Zone","(1959)","9.0"
"https://www.imdb.com/title/tt1475582/?pf_rd_m=A2FGELUUNOQJNL&pf_rd_p=12230b0e-0e00-43ed-9e59-8d5353703cce&pf_rd_r=20A1367B4J4KCQPGR7TR&pf_rd_s=center-1&pf_rd_t=15506&pf_rd_i=toptv&ref_=chttvtp_tt_21","https://m.media-amazon.com/images/M/MV5BMWEzNTFlMTQtMzhjOS00MzQ1LWJjNjgtY2RhMjFhYjQwYjIzXkEyXkFqcGdeQXVyNDIzMzcwNjc@._V1_UX45_CR0,0,45,67_AL_.jpg","21.","Sherlock","(2010)","9.0"
"https://www.imdb.com/title/tt1877514/?pf_rd_m=A2FGELUUNOQJNL&pf_rd_p=12230b0e-0e00-43ed-9e59-8d5353703cce&pf_rd_r=20A1367B4J4KCQPGR7TR&pf_rd_s=center-1&pf_rd_t=15506&pf_rd_i=toptv&ref_=chttvtp_tt_22","https://m.media-amazon.com/images/M/MV5BZmY2NGMyY2EtMjJiMS00MmFlLTk1MmItZDA1NTQ0ODg0MDA4XkEyXkFqcGdeQXVyNjAwNDUxODI@._V1_UX45_CR0,0,45,67_AL_.jpg","22.","The Vietnam War","(2017)","9.0"
"https://www.imdb.com/title/tt0103359/?pf_rd_m=A2FGELUUNOQJNL&pf_rd_p=12230b0e-0e00-43ed-9e59-8d5353703cce&pf_rd_r=20A1367B4J4KCQPGR7TR&pf_rd_s=center-1&pf_rd_t=15506&pf_rd_i=toptv&ref_=chttvtp_tt_23","https://m.media-amazon.com/images/M/MV5BOTM3MTRkZjQtYjBkMy00YWE1LTkxOTQtNDQyNGY0YjYzNzAzXkEyXkFqcGdeQXVyOTgwMzk1MTA@._V1_UX45_CR0,0,45,67_AL_.jpg","23.","Batman: The Animated Series","(1992)","9.0"
"https://www.imdb.com/title/tt12392504/?pf_rd_m=A2FGELUUNOQJNL&pf_rd_p=12230b0e-0e00-43ed-9e59-8d5353703cce&pf_rd_r=20A1367B4J4KCQPGR7TR&pf_rd_s=center-1&pf_rd_t=15506&pf_rd_i=toptv&ref_=chttvtp_tt_24","https://m.media-amazon.com/images/M/MV5BNjgxZTMxNmQtZGFkZS00NDUyLTllMzYtOTE0ZjdlMjM1ZWU0XkEyXkFqcGdeQXVyMTAyMTE1MDA1._V1_UX45_CR0,0,45,67_AL_.jpg","24.","Scam 1992: The Harshad Mehta Story","(2020)","8.9"
"https://www.imdb.com/title/tt2560140/?pf_rd_m=A2FGELUUNOQJNL&pf_rd_p=12230b0e-0e00-43ed-9e59-8d5353703cce&pf_rd_r=20A1367B4J4KCQPGR7TR&pf_rd_s=center-1&pf_rd_t=15506&pf_rd_i=toptv&ref_=chttvtp_tt_25","https://m.media-amazon.com/images/M/MV5BNDFjYTIxMjctYTQ2ZC00OGQ4LWE3OGYtNDdiMzNiNDZlMDAwXkEyXkFqcGdeQXVyNzI3NjY3NjQ@._V1_UY67_CR2,0,45,67_AL_.jpg","25.","Attack on Titan","(2013)","8.9"
"https://www.imdb.com/title/tt11126994/?pf_rd_m=A2FGELUUNOQJNL&pf_rd_p=12230b0e-0e00-43ed-9e59-8d5353703cce&pf_rd_r=20A1367B4J4KCQPGR7TR&pf_rd_s=center-1&pf_rd_t=15506&pf_rd_i=toptv&ref_=chttvtp_tt_26","https://m.media-amazon.com/images/M/MV5BYmU5OWM5ZTAtNjUzOC00NmUyLTgyOWMtMjlkNjdlMDAzMzU1XkEyXkFqcGdeQXVyMDM2NDM2MQ@@._V1_UY67_CR0,0,45,67_AL_.jpg","26.","Arcane","(2021)","8.9"
"https://www.imdb.com/title/tt0296310/?pf_rd_m=A2FGELUUNOQJNL&pf_rd_p=12230b0e-0e00-43ed-9e59-8d5353703cce&pf_rd_r=20A1367B4J4KCQPGR7TR&pf_rd_s=center-1&pf_rd_t=15506&pf_rd_i=toptv&ref_=chttvtp_tt_27","https://m.media-amazon.com/images/M/MV5BMjI2NzVhM2UtODZlNS00Nzk1LTk4NDQtYTc0YWU4ODNlNGNjXkEyXkFqcGdeQXVyNjcwMzExMzU@._V1_UX45_CR0,0,45,67_AL_.jpg","27.","The Blue Planet","(2001)","8.9"
"https://www.imdb.com/title/tt0386676/?pf_rd_m=A2FGELUUNOQJNL&pf_rd_p=12230b0e-0e00-43ed-9e59-8d5353703cce&pf_rd_r=20A1367B4J4KCQPGR7TR&pf_rd_s=center-1&pf_rd_t=15506&pf_rd_i=toptv&ref_=chttvtp_tt_28","https://m.media-amazon.com/images/M/MV5BMDNkOTE4NDQtMTNmYi00MWE0LWE4ZTktYTc0NzhhNWIzNzJiXkEyXkFqcGdeQXVyMzQ2MDI5NjU@._V1_UX45_CR0,0,45,67_AL_.jpg","28.","The Office","(2005)","8.9"
"https://www.imdb.com/title/tt1806234/?pf_rd_m=A2FGELUUNOQJNL&pf_rd_p=12230b0e-0e00-43ed-9e59-8d5353703cce&pf_rd_r=20A1367B4J4KCQPGR7TR&pf_rd_s=center-1&pf_rd_t=15506&pf_rd_i=toptv&ref_=chttvtp_tt_29","https://m.media-amazon.com/images/M/MV5BOTJmZjcwZDctODRkYi00MTJkLTgwYTYtMmUxYTgxOGU4ODg2XkEyXkFqcGdeQXVyMTUyNjc3NDQ4._V1_UX45_CR0,0,45,67_AL_.jpg","29.","Human Planet","(2011)","8.9"
"https://www.imdb.com/title/tt0303461/?pf_rd_m=A2FGELUUNOQJNL&pf_rd_p=12230b0e-0e00-43ed-9e59-8d5353703cce&pf_rd_r=20A1367B4J4KCQPGR7TR&pf_rd_s=center-1&pf_rd_t=15506&pf_rd_i=toptv&ref_=chttvtp_tt_30","https://m.media-amazon.com/images/M/MV5BOTcwNzkwMDItZmM1OC00MmQ2LTgxYjgtOTNiNDgxZDAxMjk0XkEyXkFqcGdeQXVyNDQ0MTYzMDA@._V1_UX45_CR0,0,45,67_AL_.jpg","30.","Firefly","(2002)","8.9"
"https://www.imdb.com/title/tt2092588/?pf_rd_m=A2FGELUUNOQJNL&pf_rd_p=12230b0e-0e00-43ed-9e59-8d5353703cce&pf_rd_r=20A1367B4J4KCQPGR7TR&pf_rd_s=center-1&pf_rd_t=15506&pf_rd_i=toptv&ref_=chttvtp_tt_31","https://m.media-amazon.com/images/M/MV5BYjdlMGYwYWQtODVlMi00Y2I0LThiYzgtYTM0YmU5NzdhYTI0XkEyXkFqcGdeQXVyNjAwNDUxODI@._V1_UX45_CR0,0,45,67_AL_.jpg","31.","Frozen Planet","(2011)","8.9"
"https://www.imdb.com/title/tt3032476/?pf_rd_m=A2FGELUUNOQJNL&pf_rd_p=12230b0e-0e00-43ed-9e59-8d5353703cce&pf_rd_r=20A1367B4J4KCQPGR7TR&pf_rd_s=center-1&pf_rd_t=15506&pf_rd_i=toptv&ref_=chttvtp_tt_32","https://m.media-amazon.com/images/M/MV5BZDA4YmE0OTYtMmRmNS00Mzk2LTlhM2MtNjk4NzBjZGE1MmIyXkEyXkFqcGdeQXVyMTMzNDExODE5._V1_UX45_CR0,0,45,67_AL_.jpg","32.","Better Call Saul","(2015)","8.9"
"https://www.imdb.com/title/tt0877057/?pf_rd_m=A2FGELUUNOQJNL&pf_rd_p=12230b0e-0e00-43ed-9e59-8d5353703cce&pf_rd_r=20A1367B4J4KCQPGR7TR&pf_rd_s=center-1&pf_rd_t=15506&pf_rd_i=toptv&ref_=chttvtp_tt_33","https://m.media-amazon.com/images/M/MV5BNjRiNmNjMmMtN2U2Yi00ODgxLTk3OTMtMmI1MTI1NjYyZTEzXkEyXkFqcGdeQXVyNjAwNDUxODI@._V1_UX45_CR0,0,45,67_AL_.jpg","33.","Death Note","(2006)","8.9"
"https://www.imdb.com/title/tt10541088/?pf_rd_m=A2FGELUUNOQJNL&pf_rd_p=12230b0e-0e00-43ed-9e59-8d5353703cce&pf_rd_r=20A1367B4J4KCQPGR7TR&pf_rd_s=center-1&pf_rd_t=15506&pf_rd_i=toptv&ref_=chttvtp_tt_34","https://m.media-amazon.com/images/M/MV5BYWI5M2YyYmYtMzBkNy00YWYyLThjZGUtYzEyOTQxZDQyYmVhXkEyXkFqcGdeQXVyNjAwNDUxODI@._V1_UX45_CR0,0,45,67_AL_.jpg","34.","Clarkson's Farm","(2021)","8.9"
"https://www.imdb.com/title/tt0081912/?pf_rd_m=A2FGELUUNOQJNL&pf_rd_p=12230b0e-0e00-43ed-9e59-8d5353703cce&pf_rd_r=20A1367B4J4KCQPGR7TR&pf_rd_s=center-1&pf_rd_t=15506&pf_rd_i=toptv&ref_=chttvtp_tt_35","https://m.media-amazon.com/images/M/MV5BYmI1NGIwNzYtOTVlMS00ZGYwLWE0ZTktYzVmMGVlMmRmN2QxXkEyXkFqcGdeQXVyNTA4NzY1MzY@._V1_UY67_CR1,0,45,67_AL_.jpg","35.","Only Fools and Horses","(1981)","8.9"
"https://www.imdb.com/title/tt0098769/?pf_rd_m=A2FGELUUNOQJNL&pf_rd_p=12230b0e-0e00-43ed-9e59-8d5353703cce&pf_rd_r=20A1367B4J4KCQPGR7TR&pf_rd_s=center-1&pf_rd_t=15506&pf_rd_i=toptv&ref_=chttvtp_tt_36","https://m.media-amazon.com/images/M/MV5BZjE1ODNkYzctNjM0Ni00MmM3LTkyMjctZGRhYzA3YzhjMTFlXkEyXkFqcGdeQXVyNjAwNDUxODI@._V1_UX45_CR0,0,45,67_AL_.jpg","36.","The Civil War","(1990)","8.9"
"https://www.imdb.com/title/tt2098220/?pf_rd_m=A2FGELUUNOQJNL&pf_rd_p=12230b0e-0e00-43ed-9e59-8d5353703cce&pf_rd_r=20A1367B4J4KCQPGR7TR&pf_rd_s=center-1&pf_rd_t=15506&pf_rd_i=toptv&ref_=chttvtp_tt_37","https://m.media-amazon.com/images/M/MV5BNGM0YTk3MWEtN2JlZC00ZmZmLWIwMDktZTMxZGE5Zjc2MGExXkEyXkFqcGdeQXVyNjAwNDUxODI@._V1_UY67_CR1,0,45,67_AL_.jpg","37.","Hunter x Hunter","(2011)","8.9"
"https://www.imdb.com/title/tt2356777/?pf_rd_m=A2FGELUUNOQJNL&pf_rd_p=12230b0e-0e00-43ed-9e59-8d5353703cce&pf_rd_r=20A1367B4J4KCQPGR7TR&pf_rd_s=center-1&pf_rd_t=15506&pf_rd_i=toptv&ref_=chttvtp_tt_38","https://m.media-amazon.com/images/M/MV5BMmRlYmE0Y2UtNDk2Yi00NzczLWEwZTEtZmE2OTcyYzcxYmU5XkEyXkFqcGdeQXVyNTMxMjgxMzA@._V1_UY67_CR1,0,45,67_AL_.jpg","38.","True Detective","(2014)","8.9"
"https://www.imdb.com/title/tt0098904/?pf_rd_m=A2FGELUUNOQJNL&pf_rd_p=12230b0e-0e00-43ed-9e59-8d5353703cce&pf_rd_r=20A1367B4J4KCQPGR7TR&pf_rd_s=center-1&pf_rd_t=15506&pf_rd_i=toptv&ref_=chttvtp_tt_39","https://m.media-amazon.com/images/M/MV5BZjZjMzQ2ZmUtZWEyZC00NWJiLWFjM2UtMzhmYzZmZDcxMzllXkEyXkFqcGdeQXVyNTA4NzY1MzY@._V1_UY67_CR1,0,45,67_AL_.jpg","39.","Seinfeld","(1989)","8.9"
"https://www.imdb.com/title/tt0092337/?pf_rd_m=A2FGELUUNOQJNL&pf_rd_p=12230b0e-0e00-43ed-9e59-8d5353703cce&pf_rd_r=20A1367B4J4KCQPGR7TR&pf_rd_s=center-1&pf_rd_t=15506&pf_rd_i=toptv&ref_=chttvtp_tt_40","https://m.media-amazon.com/images/M/MV5BNDgzZDVmZjYtYmNhNi00YTE0LWJmNDAtODZiNWIwMjJhZDhhXkEyXkFqcGdeQXVyNjAwNDUxODI@._V1_UX45_CR0,0,45,67_AL_.jpg","40.","Dekalog","(1989)","8.9"
"https://www.imdb.com/title/tt7920978/?pf_rd_m=A2FGELUUNOQJNL&pf_rd_p=12230b0e-0e00-43ed-9e59-8d5353703cce&pf_rd_r=20A1367B4J4KCQPGR7TR&pf_rd_s=center-1&pf_rd_t=15506&pf_rd_i=toptv&ref_=chttvtp_tt_41","https://m.media-amazon.com/images/M/MV5BOTJkNzJmYzgtZTZmNC00MTQ2LWE2ZGQtM2EyYjliNGViMTY5XkEyXkFqcGdeQXVyNDg4MjkzNDk@._V1_UY67_CR1,0,45,67_AL_.jpg","41.","Persona","(2018)","8.9"
"https://www.imdb.com/title/tt9735318/?pf_rd_m=A2FGELUUNOQJNL&pf_rd_p=12230b0e-0e00-43ed-9e59-8d5353703cce&pf_rd_r=20A1367B4J4KCQPGR7TR&pf_rd_s=center-1&pf_rd_t=15506&pf_rd_i=toptv&ref_=chttvtp_tt_42","https://m.media-amazon.com/images/M/MV5BNjMxMjE5ZTEtMjgyOC00ODM4LWJjZDAtMjcwZDBlNzZhZTkyXkEyXkFqcGdeQXVyMDM2NDM2MQ@@._V1_UY67_CR0,0,45,67_AL_.jpg","42.","The Beatles: Get Back","(2021)","8.9"
"https://www.imdb.com/title/tt2802850/?pf_rd_m=A2FGELUUNOQJNL&pf_rd_p=12230b0e-0e00-43ed-9e59-8d5353703cce&pf_rd_r=20A1367B4J4KCQPGR7TR&pf_rd_s=center-1&pf_rd_t=15506&pf_rd_i=toptv&ref_=chttvtp_tt_43","https://m.media-amazon.com/images/M/MV5BN2NiMGE5M2UtNWNlNC00N2Y4LTkwOWUtMDlkMzEwNTcyOTcyXkEyXkFqcGdeQXVyMTkxNjUyNQ@@._V1_UY67_CR0,0,45,67_AL_.jpg","43.","Fargo","(2014)","8.9"
"https://www.imdb.com/title/tt0213338/?pf_rd_m=A2FGELUUNOQJNL&pf_rd_p=12230b0e-0e00-43ed-9e59-8d5353703cce&pf_rd_r=20A1367B4J4KCQPGR7TR&pf_rd_s=center-1&pf_rd_t=15506&pf_rd_i=toptv&ref_=chttvtp_tt_44","https://m.media-amazon.com/images/M/MV5BZDEzMjlkNDgtZjhkNi00N2RlLWFhZTYtNDE5OTc2NjZkODJlXkEyXkFqcGdeQXVyNjAwNDUxODI@._V1_UY67_CR2,0,45,67_AL_.jpg","44.","Cowboy Bebop","(1998)","8.8"
"https://www.imdb.com/title/tt2297757/?pf_rd_m=A2FGELUUNOQJNL&pf_rd_p=12230b0e-0e00-43ed-9e59-8d5353703cce&pf_rd_r=20A1367B4J4KCQPGR7TR&pf_rd_s=center-1&pf_rd_t=15506&pf_rd_i=toptv&ref_=chttvtp_tt_45","https://m.media-amazon.com/images/M/MV5BOGY4ZWM1MDUtZmM3MS00ZjAxLTkyYzMtMjgxODI1YzkzNGUwXkEyXkFqcGdeQXVyNzk2NzE5Mjk@._V1_UY67_CR2,0,45,67_AL_.jpg","45.","Nathan for You","(2013)","8.8"
"https://www.imdb.com/title/tt1865718/?pf_rd_m=A2FGELUUNOQJNL&pf_rd_p=12230b0e-0e00-43ed-9e59-8d5353703cce&pf_rd_r=20A1367B4J4KCQPGR7TR&pf_rd_s=center-1&pf_rd_t=15506&pf_rd_i=toptv&ref_=chttvtp_tt_46","https://m.media-amazon.com/images/M/MV5BMTEzNDc3MDQ2NzNeQTJeQWpwZ15BbWU4MDYzMzUwMDIx._V1_UX45_CR0,0,45,67_AL_.jpg","46.","Gravity Falls","(2012)","8.8"
"https://www.imdb.com/title/tt7137906/?pf_rd_m=A2FGELUUNOQJNL&pf_rd_p=12230b0e-0e00-43ed-9e59-8d5353703cce&pf_rd_r=20A1367B4J4KCQPGR7TR&pf_rd_s=center-1&pf_rd_t=15506&pf_rd_i=toptv&ref_=chttvtp_tt_47","https://m.media-amazon.com/images/M/MV5BZmJjM2YzOWEtOTYxYi00YjhkLTliMzgtMTA2MTc0NDQ1MDM4XkEyXkFqcGdeQXVyODY5OTk4MA@@._V1_UY67_CR0,0,45,67_AL_.jpg","47.","When They See Us","(2019)","8.8"
"https://www.imdb.com/title/tt7660850/?pf_rd_m=A2FGELUUNOQJNL&pf_rd_p=12230b0e-0e00-43ed-9e59-8d5353703cce&pf_rd_r=20A1367B4J4KCQPGR7TR&pf_rd_s=center-1&pf_rd_t=15506&pf_rd_i=toptv&ref_=chttvtp_tt_48","https://m.media-amazon.com/images/M/MV5BZTY0YjU0NTUtMGRmNS00NDMyLWI2MzYtNjM2MmM1M2FkMjkyXkEyXkFqcGdeQXVyNjY1MTg4Mzc@._V1_UY67_CR0,0,45,67_AL_.jpg","48.","Succession","(2018)","8.8"
"https://www.imdb.com/title/tt3530232/?pf_rd_m=A2FGELUUNOQJNL&pf_rd_p=12230b0e-0e00-43ed-9e59-8d5353703cce&pf_rd_r=20A1367B4J4KCQPGR7TR&pf_rd_s=center-1&pf_rd_t=15506&pf_rd_i=toptv&ref_=chttvtp_tt_49","https://m.media-amazon.com/images/M/MV5BNjRhYTgyZGEtOGU2YS00ZGM1LWIzODctZDhkNDBiYTFhZTYxXkEyXkFqcGdeQXVyNTE1NjY5Mg@@._V1_UY67_CR0,0,45,67_AL_.jpg","49.","Last Week Tonight with John Oliver","(2014)","8.8"
"https://www.imdb.com/title/tt0108778/?pf_rd_m=A2FGELUUNOQJNL&pf_rd_p=12230b0e-0e00-43ed-9e59-8d5353703cce&pf_rd_r=20A1367B4J4KCQPGR7TR&pf_rd_s=center-1&pf_rd_t=15506&pf_rd_i=toptv&ref_=chttvtp_tt_50","https://m.media-amazon.com/images/M/MV5BNDVkYjU0MzctMWRmZi00NTkxLTgwZWEtOWVhYjZlYjllYmU4XkEyXkFqcGdeQXVyNTA4NzY1MzY@._V1_UY67_CR0,0,45,67_AL_.jpg","50.","Friends","(1994)","8.8"
"https://www.imdb.com/title/tt1508238/?pf_rd_m=A2FGELUUNOQJNL&pf_rd_p=12230b0e-0e00-43ed-9e59-8d5353703cce&pf_rd_r=20A1367B4J4KCQPGR7TR&pf_rd_s=center-1&pf_rd_t=15506&pf_rd_i=toptv&ref_=chttvtp_tt_51","https://m.media-amazon.com/images/M/MV5BMzEyMmM1ZGMtZTgwMS00Y2Y4LTg0MTItMGRiZGE3YTVhYjU3L2ltYWdlXkEyXkFqcGdeQXVyNTAyODkwOQ@@._V1_UY67_CR3,0,45,67_AL_.jpg","51.","Apocalypse: The Second World War","(2009)","8.8"
"https://www.imdb.com/title/tt2571774/?pf_rd_m=A2FGELUUNOQJNL&pf_rd_p=12230b0e-0e00-43ed-9e59-8d5353703cce&pf_rd_r=20A1367B4J4KCQPGR7TR&pf_rd_s=center-1&pf_rd_t=15506&pf_rd_i=toptv&ref_=chttvtp_tt_52","https://m.media-amazon.com/images/M/MV5BNDdkZGViNzctZTJkMy00N2ZmLTg4NTUtZWM3YTE3ZTE3NjYwXkEyXkFqcGdeQXVyNjAwNDUxODI@._V1_UX45_CR0,0,45,67_AL_.jpg","52.","Africa","(2013)","8.8"
"https://www.imdb.com/title/tt4742876/?pf_rd_m=A2FGELUUNOQJNL&pf_rd_p=12230b0e-0e00-43ed-9e59-8d5353703cce&pf_rd_r=20A1367B4J4KCQPGR7TR&pf_rd_s=center-1&pf_rd_t=15506&pf_rd_i=toptv&ref_=chttvtp_tt_53","https://m.media-amazon.com/images/M/MV5BYzA2NGM5MjAtMGJhMC00ZmE3LWFmYmEtZTVjNjA0MzQ4YmI1XkEyXkFqcGdeQXVyMTIyNzY0NTMx._V1_UY67_CR4,0,45,67_AL_.jpg","53.","TVF Pitchers","(2015)","8.8"
"https://www.imdb.com/title/tt4934214/?pf_rd_m=A2FGELUUNOQJNL&pf_rd_p=12230b0e-0e00-43ed-9e59-8d5353703cce&pf_rd_r=20A1367B4J4KCQPGR7TR&pf_rd_s=center-1&pf_rd_t=15506&pf_rd_i=toptv&ref_=chttvtp_tt_54","https://m.media-amazon.com/images/M/MV5BMTNlYzY0MTItZmI5Ni00ODEwLTkxNDktOTI3MGI1ODRmODJlXkEyXkFqcGdeQXVyMDE4MzA0NQ@@._V1_UX45_CR0,0,45,67_AL_.jpg","54.","Taskmaster","(2015)","8.8"
"https://www.imdb.com/title/tt0472954/?pf_rd_m=A2FGELUUNOQJNL&pf_rd_p=12230b0e-0e00-43ed-9e59-8d5353703cce&pf_rd_r=20A1367B4J4KCQPGR7TR&pf_rd_s=center-1&pf_rd_t=15506&pf_rd_i=toptv&ref_=chttvtp_tt_55","https://m.media-amazon.com/images/M/MV5BZDc4NjU1MmMtZjIzNy00MWRhLWI4ZjUtYjY4YmFlY2NjMzA0XkEyXkFqcGdeQXVyMjkwOTAyMDU@._V1_UY67_CR0,0,45,67_AL_.jpg","55.","It's Always Sunny in Philadelphia","(2005)","8.8"
"https://www.imdb.com/title/tt0063929/?pf_rd_m=A2FGELUUNOQJNL&pf_rd_p=12230b0e-0e00-43ed-9e59-8d5353703cce&pf_rd_r=20A1367B4J4KCQPGR7TR&pf_rd_s=center-1&pf_rd_t=15506&pf_rd_i=toptv&ref_=chttvtp_tt_56","https://m.media-amazon.com/images/M/MV5BZGI1N2FiYTYtOWU3Mi00MjBlLWJkMGMtMjZmZTQwMDdiYjY3XkEyXkFqcGdeQXVyMTIwMjIwNjQ2._V1_UY67_CR5,0,45,67_AL_.jpg","56.","Monty Python's Flying Circus","(1969)","8.8"
"https://www.imdb.com/title/tt0081834/?pf_rd_m=A2FGELUUNOQJNL&pf_rd_p=12230b0e-0e00-43ed-9e59-8d5353703cce&pf_rd_r=20A1367B4J4KCQPGR7TR&pf_rd_s=center-1&pf_rd_t=15506&pf_rd_i=toptv&ref_=chttvtp_tt_57","https://m.media-amazon.com/images/M/MV5BNTBhZTQzZGEtZmRiOS00MzAwLWI5MzQtYTc1YTRhMzU3NzQ5XkEyXkFqcGdeQXVyNzkwMjQ5NzM@._V1_UY67_CR1,0,45,67_AL_.jpg","57.","Das Boot","(1985)","8.8"
"https://www.imdb.com/title/tt13675832/?pf_rd_m=A2FGELUUNOQJNL&pf_rd_p=12230b0e-0e00-43ed-9e59-8d5353703cce&pf_rd_r=20A1367B4J4KCQPGR7TR&pf_rd_s=center-1&pf_rd_t=15506&pf_rd_i=toptv&ref_=chttvtp_tt_58","https://m.media-amazon.com/images/M/MV5BZTUzZjU0M2MtZGFmYy00ZWU0LWJjZGUtOGJlMTI4MWI4ZDUxXkEyXkFqcGdeQXVyNDg4MjkzNDk@._V1_UY67_CR4,0,45,67_AL_.jpg","58.","As If","(2021)","8.8"
"https://www.imdb.com/title/tt0200276/?pf_rd_m=A2FGELUUNOQJNL&pf_rd_p=12230b0e-0e00-43ed-9e59-8d5353703cce&pf_rd_r=20A1367B4J4KCQPGR7TR&pf_rd_s=center-1&pf_rd_t=15506&pf_rd_i=toptv&ref_=chttvtp_tt_59","https://m.media-amazon.com/images/M/MV5BNjk3ZWE3ZDctN2Q1YS00NzNhLWFjNmYtZTkwYWQxZmQ3NzM3XkEyXkFqcGdeQXVyNTE1NjY5Mg@@._V1_UX45_CR0,0,45,67_AL_.jpg","59.","The West Wing","(1999)","8.8"
"https://www.imdb.com/title/tt0264235/?pf_rd_m=A2FGELUUNOQJNL&pf_rd_p=12230b0e-0e00-43ed-9e59-8d5353703cce&pf_rd_r=20A1367B4J4KCQPGR7TR&pf_rd_s=center-1&pf_rd_t=15506&pf_rd_i=toptv&ref_=chttvtp_tt_60","https://m.media-amazon.com/images/M/MV5BMzE3ZDA4OWItOGY2ZC00MzVmLTk0Y2QtNzEzMjc5YWI5ZWFiXkEyXkFqcGdeQXVyMTEyMjM2NDc2._V1_UY67_CR0,0,45,67_AL_.jpg","60.","Curb Your Enthusiasm","(2000)","8.8"
"https://www.imdb.com/title/tt1831164/?pf_rd_m=A2FGELUUNOQJNL&pf_rd_p=12230b0e-0e00-43ed-9e59-8d5353703cce&pf_rd_r=20A1367B4J4KCQPGR7TR&pf_rd_s=center-1&pf_rd_t=15506&pf_rd_i=toptv&ref_=chttvtp_tt_61","https://m.media-amazon.com/images/M/MV5BZGZlN2QzYTQtNmZkMy00YjdiLWIwOGUtMzlhZTJlMmIyNmJhXkEyXkFqcGdeQXVyOTQ2MjQ3MTI@._V1_UY67_CR4,0,45,67_AL_.jpg","61.","Leyla and Mecnun","(2011)","8.8"
"https://www.imdb.com/title/tt0072500/?pf_rd_m=A2FGELUUNOQJNL&pf_rd_p=12230b0e-0e00-43ed-9e59-8d5353703cce&pf_rd_r=20A1367B4J4KCQPGR7TR&pf_rd_s=center-1&pf_rd_t=15506&pf_rd_i=toptv&ref_=chttvtp_tt_62","https://m.media-amazon.com/images/M/MV5BNzJiYjAxNjUtNjFlNC00NWMwLTgxMTAtNjgyYmUzNWE0OWFjXkEyXkFqcGdeQXVyMTA0MTM5NjI2._V1_UX45_CR0,0,45,67_AL_.jpg","62.","Fawlty Towers","(1975)","8.8"
"https://www.imdb.com/title/tt0112130/?pf_rd_m=A2FGELUUNOQJNL&pf_rd_p=12230b0e-0e00-43ed-9e59-8d5353703cce&pf_rd_r=20A1367B4J4KCQPGR7TR&pf_rd_s=center-1&pf_rd_t=15506&pf_rd_i=toptv&ref_=chttvtp_tt_63","https://m.media-amazon.com/images/M/MV5BMDM0MjFlOGYtNTg2ZC00MmRkLTg5OTQtM2U5ZjUyYTgxZThiXkEyXkFqcGdeQXVyNTAyODkwOQ@@._V1_UY67_CR1,0,45,67_AL_.jpg","63.","Pride and Prejudice","(1995)","8.7"
"https://www.imdb.com/title/tt0193676/?pf_rd_m=A2FGELUUNOQJNL&pf_rd_p=12230b0e-0e00-43ed-9e59-8d5353703cce&pf_rd_r=20A1367B4J4KCQPGR7TR&pf_rd_s=center-1&pf_rd_t=15506&pf_rd_i=toptv&ref_=chttvtp_tt_64","https://m.media-amazon.com/images/M/MV5BZWJhOGFiZWMtYTY5Ni00NGU1LWE5OWItNzA5NThkNWUwYzc4XkEyXkFqcGdeQXVyNTA4NzY1MzY@._V1_UY67_CR1,0,45,67_AL_.jpg","64.","Freaks and Geeks","(1999)","8.7"
"https://www.imdb.com/title/tt3581920/?pf_rd_m=A2FGELUUNOQJNL&pf_rd_p=12230b0e-0e00-43ed-9e59-8d5353703cce&pf_rd_r=20A1367B4J4KCQPGR7TR&pf_rd_s=center-1&pf_rd_t=15506&pf_rd_i=toptv&ref_=chttvtp_tt_65","https://m.media-amazon.com/images/M/MV5BZGUzYTI3M2EtZmM0Yy00NGUyLWI4ODEtN2Q3ZGJlYzhhZjU3XkEyXkFqcGdeQXVyNTM0OTY1OQ@@._V1_UY67_CR0,0,45,67_AL_.jpg","65.","The Last of Us","(2023)","8.7"
"https://www.imdb.com/title/tt3398228/?pf_rd_m=A2FGELUUNOQJNL&pf_rd_p=12230b0e-0e00-43ed-9e59-8d5353703cce&pf_rd_r=20A1367B4J4KCQPGR7TR&pf_rd_s=center-1&pf_rd_t=15506&pf_rd_i=toptv&ref_=chttvtp_tt_66","https://m.media-amazon.com/images/M/MV5BYWQwMDNkM2MtODU4OS00OTY3LTgwOTItNjE2Yzc0MzRkMDllXkEyXkFqcGdeQXVyMTkxNjUyNQ@@._V1_UY67_CR0,0,45,67_AL_.jpg","66.","BoJack Horseman","(2014)","8.7"
"https://www.imdb.com/title/tt0096548/?pf_rd_m=A2FGELUUNOQJNL&pf_rd_p=12230b0e-0e00-43ed-9e59-8d5353703cce&pf_rd_r=20A1367B4J4KCQPGR7TR&pf_rd_s=center-1&pf_rd_t=15506&pf_rd_i=toptv&ref_=chttvtp_tt_67","https://m.media-amazon.com/images/M/MV5BMTQ0OTc1NTU1NV5BMl5BanBnXkFtZTcwNDk1NDYxMQ@@._V1_UY67_CR1,0,45,67_AL_.jpg","67.","Blackadder Goes Forth","(1989)","8.7"
"https://www.imdb.com/title/tt0098936/?pf_rd_m=A2FGELUUNOQJNL&pf_rd_p=12230b0e-0e00-43ed-9e59-8d5353703cce&pf_rd_r=20A1367B4J4KCQPGR7TR&pf_rd_s=center-1&pf_rd_t=15506&pf_rd_i=toptv&ref_=chttvtp_tt_68","https://m.media-amazon.com/images/M/MV5BMTExNzk2NjcxNTNeQTJeQWpwZ15BbWU4MDcxOTczOTIx._V1_UY67_CR3,0,45,67_AL_.jpg","68.","Twin Peaks","(1990)","8.7"
"https://www.imdb.com/title/tt2085059/?pf_rd_m=A2FGELUUNOQJNL&pf_rd_p=12230b0e-0e00-43ed-9e59-8d5353703cce&pf_rd_r=20A1367B4J4KCQPGR7TR&pf_rd_s=center-1&pf_rd_t=15506&pf_rd_i=toptv&ref_=chttvtp_tt_69","https://m.media-amazon.com/images/M/MV5BNTlkOWUzZjktYzA0OS00MzE2LTkzZDAtOTk3NjZmMGYwMWZiXkEyXkFqcGdeQXVyNDA5NTgxNjU@._V1_UY67_CR0,0,45,67_AL_.jpg","69.","Black Mirror","(2011)","8.7"
"https://www.imdb.com/title/tt2707408/?pf_rd_m=A2FGELUUNOQJNL&pf_rd_p=12230b0e-0e00-43ed-9e59-8d5353703cce&pf_rd_r=20A1367B4J4KCQPGR7TR&pf_rd_s=center-1&pf_rd_t=15506&pf_rd_i=toptv&ref_=chttvtp_tt_70","https://m.media-amazon.com/images/M/MV5BNmFjODU3YzgtMGUwNC00ZGI3LWFkZjQtMjkxZDc3NmQ1MzcyXkEyXkFqcGdeQXVyNjUwNzk3NDc@._V1_UY67_CR0,0,45,67_AL_.jpg","70.","Narcos","(2015)","8.7"
"https://www.imdb.com/title/tt0214341/?pf_rd_m=A2FGELUUNOQJNL&pf_rd_p=12230b0e-0e00-43ed-9e59-8d5353703cce&pf_rd_r=20A1367B4J4KCQPGR7TR&pf_rd_s=center-1&pf_rd_t=15506&pf_rd_i=toptv&ref_=chttvtp_tt_71","https://m.media-amazon.com/images/M/MV5BNGM5MTEyZDItZWNhOS00NzNkLTgwZTAtNWIzY2IzZmExOWMxXkEyXkFqcGdeQXVyNTA4NzY1MzY@._V1_UY67_CR1,0,45,67_AL_.jpg","71.","Dragon Ball Z","(1989)","8.7"
"https://www.imdb.com/title/tt0388629/?pf_rd_m=A2FGELUUNOQJNL&pf_rd_p=12230b0e-0e00-43ed-9e59-8d5353703cce&pf_rd_r=20A1367B4J4KCQPGR7TR&pf_rd_s=center-1&pf_rd_t=15506&pf_rd_i=toptv&ref_=chttvtp_tt_72","https://m.media-amazon.com/images/M/MV5BODcwNWE3OTMtMDc3MS00NDFjLWE1OTAtNDU3NjgxODMxY2UyXkEyXkFqcGdeQXVyNTAyODkwOQ@@._V1_UX45_CR0,0,45,67_AL_.jpg","72.","One Piece","(1999)","8.7"
"https://www.imdb.com/title/tt0353049/?pf_rd_m=A2FGELUUNOQJNL&pf_rd_p=12230b0e-0e00-43ed-9e59-8d5353703cce&pf_rd_r=20A1367B4J4KCQPGR7TR&pf_rd_s=center-1&pf_rd_t=15506&pf_rd_i=toptv&ref_=chttvtp_tt_73","https://m.media-amazon.com/images/M/MV5BOWNjYTg5NGMtOWRjNy00ZGNlLTg2MmYtZjQ5NTM0MTQxOGM2XkEyXkFqcGdeQXVyNTA4NzY1MzY@._V1_UY67_CR1,0,45,67_AL_.jpg","73.","Chappelle's Show","(2003)","8.7"
"https://www.imdb.com/title/tt0121220/?pf_rd_m=A2FGELUUNOQJNL&pf_rd_p=12230b0e-0e00-43ed-9e59-8d5353703cce&pf_rd_r=20A1367B4J4KCQPGR7TR&pf_rd_s=center-1&pf_rd_t=15506&pf_rd_i=toptv&ref_=chttvtp_tt_74","https://m.media-amazon.com/images/M/MV5BZTI2Yzc1MTctMTIzOS00ZDljLTkzMDgtZDdiMWJiZWMxNjU2XkEyXkFqcGdeQXVyNjAwNDUxODI@._V1_UX45_CR0,0,45,67_AL_.jpg","74.","Dragon Ball Z","(1989)","8.7"
"https://www.imdb.com/title/tt0074006/?pf_rd_m=A2FGELUUNOQJNL&pf_rd_p=12230b0e-0e00-43ed-9e59-8d5353703cce&pf_rd_r=20A1367B4J4KCQPGR7TR&pf_rd_s=center-1&pf_rd_t=15506&pf_rd_i=toptv&ref_=chttvtp_tt_75","https://m.media-amazon.com/images/M/MV5BZWM1MDY1MjYtYTAzZC00MDJiLTk4MjAtOGQzNDI4YWU1MWQ0XkEyXkFqcGdeQXVyNTA4NzY1MzY@._V1_UY67_CR0,0,45,67_AL_.jpg","75.","I, Claudius","(1976)","8.7"
"https://www.imdb.com/title/tt0121955/?pf_rd_m=A2FGELUUNOQJNL&pf_rd_p=12230b0e-0e00-43ed-9e59-8d5353703cce&pf_rd_r=20A1367B4J4KCQPGR7TR&pf_rd_s=center-1&pf_rd_t=15506&pf_rd_i=toptv&ref_=chttvtp_tt_76","https://m.media-amazon.com/images/M/MV5BZjNhODYzZGItZWQ3Ny00ZjViLTkxMTUtM2EzN2RjYjU2OGZiXkEyXkFqcGdeQXVyMTI5MTc0OTIy._V1_UX45_CR0,0,45,67_AL_.jpg","76.","South Park","(1997)","8.7"
"https://www.imdb.com/title/tt3718778/?pf_rd_m=A2FGELUUNOQJNL&pf_rd_p=12230b0e-0e00-43ed-9e59-8d5353703cce&pf_rd_r=20A1367B4J4KCQPGR7TR&pf_rd_s=center-1&pf_rd_t=15506&pf_rd_i=toptv&ref_=chttvtp_tt_77","https://m.media-amazon.com/images/M/MV5BYzhjNzI0NWEtMzEyYy00OGViLThhMjctMWQxNGQ3Y2IzOTY4XkEyXkFqcGdeQXVyNjAwNDUxODI@._V1_UY67_CR1,0,45,67_AL_.jpg","77.","Over the Garden Wall","(2014)","8.7"
"https://www.imdb.com/title/tt0248654/?pf_rd_m=A2FGELUUNOQJNL&pf_rd_p=12230b0e-0e00-43ed-9e59-8d5353703cce&pf_rd_r=20A1367B4J4KCQPGR7TR&pf_rd_s=center-1&pf_rd_t=15506&pf_rd_i=toptv&ref_=chttvtp_tt_78","https://m.media-amazon.com/images/M/MV5BN2FmMjg0Y2YtYmMyYi00MTBjLTllYzMtN2VjYzRhOTVmNWRlXkEyXkFqcGdeQXVyNDIzMzcwNjc@._V1_UY67_CR1,0,45,67_AL_.jpg","78.","Six Feet Under","(2001)","8.7"
"https://www.imdb.com/title/tt9432978/?pf_rd_m=A2FGELUUNOQJNL&pf_rd_p=12230b0e-0e00-43ed-9e59-8d5353703cce&pf_rd_r=20A1367B4J4KCQPGR7TR&pf_rd_s=center-1&pf_rd_t=15506&pf_rd_i=toptv&ref_=chttvtp_tt_79","https://m.media-amazon.com/images/M/MV5BOGVmMGYwZTEtOGFlYS00ODRhLTg3M2MtMzc1OGNhNzU3N2IzXkEyXkFqcGdeQXVyNDY4NjAxNTc@._V1_UY67_CR0,0,45,67_AL_.jpg","79.","Kota Factory","(2019)","8.7"
"https://www.imdb.com/title/tt0384766/?pf_rd_m=A2FGELUUNOQJNL&pf_rd_p=12230b0e-0e00-43ed-9e59-8d5353703cce&pf_rd_r=20A1367B4J4KCQPGR7TR&pf_rd_s=center-1&pf_rd_t=15506&pf_rd_i=toptv&ref_=chttvtp_tt_80","https://m.media-amazon.com/images/M/MV5BYTM4MmU1NWYtNzJjYy00YWFhLThjOGEtZmMxOGI1NzE0NGNiXkEyXkFqcGdeQXVyNDIzMzcwNjc@._V1_UX45_CR0,0,45,67_AL_.jpg","80.","Rome","(2005)","8.7"
"https://www.imdb.com/title/tt2442560/?pf_rd_m=A2FGELUUNOQJNL&pf_rd_p=12230b0e-0e00-43ed-9e59-8d5353703cce&pf_rd_r=20A1367B4J4KCQPGR7TR&pf_rd_s=center-1&pf_rd_t=15506&pf_rd_i=toptv&ref_=chttvtp_tt_81","https://m.media-amazon.com/images/M/MV5BZjYzZDgzMmYtYjY5Zi00YTk1LThhMDYtNjFlNzM4MTZhYzgyXkEyXkFqcGdeQXVyMTE5NDQ1MzQ3._V1_UY67_CR4,0,45,67_AL_.jpg","81.","Peaky Blinders","(2013)","8.7"
"https://www.imdb.com/title/tt0118421/?pf_rd_m=A2FGELUUNOQJNL&pf_rd_p=12230b0e-0e00-43ed-9e59-8d5353703cce&pf_rd_r=20A1367B4J4KCQPGR7TR&pf_rd_s=center-1&pf_rd_t=15506&pf_rd_i=toptv&ref_=chttvtp_tt_82","https://m.media-amazon.com/images/M/MV5BYjY3N2M2YjgtZTFjZS00ODA1LWJjMDgtNDgxZDllZWFiMmYyXkEyXkFqcGdeQXVyNDIzMzcwNjc@._V1_UX45_CR0,0,45,67_AL_.jpg","82.","Oz","(1997)","8.7"
"https://www.imdb.com/title/tt10986410/?pf_rd_m=A2FGELUUNOQJNL&pf_rd_p=12230b0e-0e00-43ed-9e59-8d5353703cce&pf_rd_r=20A1367B4J4KCQPGR7TR&pf_rd_s=center-1&pf_rd_t=15506&pf_rd_i=toptv&ref_=chttvtp_tt_83","https://m.media-amazon.com/images/M/MV5BMTdmZjBjZjQtY2JiNS00Y2ZlLTg2NzgtMjUzMGY2OTVmOWJiXkEyXkFqcGdeQXVyMDM2NDM2MQ@@._V1_UY67_CR0,0,45,67_AL_.jpg","83.","Ted Lasso","(2020)","8.7"
"https://www.imdb.com/title/tt5753856/?pf_rd_m=A2FGELUUNOQJNL&pf_rd_p=12230b0e-0e00-43ed-9e59-8d5353703cce&pf_rd_r=20A1367B4J4KCQPGR7TR&pf_rd_s=center-1&pf_rd_t=15506&pf_rd_i=toptv&ref_=chttvtp_tt_84","https://m.media-amazon.com/images/M/MV5BOTk2NzUyOTctZDdlMS00MDJlLTgzNTEtNzQzYjFhNjA0YjBjXkEyXkFqcGdeQXVyMjg1NDcxNDE@._V1_UY67_CR0,0,45,67_AL_.jpg","84.","Dark","(2017)","8.7"
"https://www.imdb.com/title/tt1910272/?pf_rd_m=A2FGELUUNOQJNL&pf_rd_p=12230b0e-0e00-43ed-9e59-8d5353703cce&pf_rd_r=20A1367B4J4KCQPGR7TR&pf_rd_s=center-1&pf_rd_t=15506&pf_rd_i=toptv&ref_=chttvtp_tt_85","https://m.media-amazon.com/images/M/MV5BMjUxMzE4ZDctODNjMS00MzIwLThjNDktODkwYjc5YWU0MDc0XkEyXkFqcGdeQXVyNjc3OTE4Nzk@._V1_UX45_CR0,0,45,67_AL_.jpg","85.","Steins;Gate","(2011)","8.7"
"https://www.imdb.com/title/tt1190634/?pf_rd_m=A2FGELUUNOQJNL&pf_rd_p=12230b0e-0e00-43ed-9e59-8d5353703cce&pf_rd_r=20A1367B4J4KCQPGR7TR&pf_rd_s=center-1&pf_rd_t=15506&pf_rd_i=toptv&ref_=chttvtp_tt_86","https://m.media-amazon.com/images/M/MV5BOTEyNDJhMDAtY2U5ZS00OTMzLTkwODktMjU3MjFkZWVlMGYyXkEyXkFqcGdeQXVyMjkwOTAyMDU@._V1_UY67_CR4,0,45,67_AL_.jpg","86.","The Boys","(2019)","8.7"
"https://www.imdb.com/title/tt10530900/?pf_rd_m=A2FGELUUNOQJNL&pf_rd_p=12230b0e-0e00-43ed-9e59-8d5353703cce&pf_rd_r=20A1367B4J4KCQPGR7TR&pf_rd_s=center-1&pf_rd_t=15506&pf_rd_i=toptv&ref_=chttvtp_tt_87","https://m.media-amazon.com/images/M/MV5BN2QwZmNhZjctZDZkMi00Mjk2LTg4OWMtNGEzMjk1ZWIwN2IzXkEyXkFqcGdeQXVyNDY4NjAxNTc@._V1_UY67_CR0,0,45,67_AL_.jpg","87.","Gullak","(2019)","8.7"
"https://www.imdb.com/title/tt5687612/?pf_rd_m=A2FGELUUNOQJNL&pf_rd_p=12230b0e-0e00-43ed-9e59-8d5353703cce&pf_rd_r=20A1367B4J4KCQPGR7TR&pf_rd_s=center-1&pf_rd_t=15506&pf_rd_i=toptv&ref_=chttvtp_tt_88","https://m.media-amazon.com/images/M/MV5BMjA4MzU5NzQxNV5BMl5BanBnXkFtZTgwOTg3MDA5NzM@._V1_UY67_CR0,0,45,67_AL_.jpg","88.","Fleabag","(2016)","8.7"
"https://www.imdb.com/title/tt0367279/?pf_rd_m=A2FGELUUNOQJNL&pf_rd_p=12230b0e-0e00-43ed-9e59-8d5353703cce&pf_rd_r=20A1367B4J4KCQPGR7TR&pf_rd_s=center-1&pf_rd_t=15506&pf_rd_i=toptv&ref_=chttvtp_tt_89","https://m.media-amazon.com/images/M/MV5BNTFlYTE2YTItZmQ1NS00ZWQ5LWI3OGUtYTQzNDMyZmEyYTZjXkEyXkFqcGdeQXVyNDg4NjY5OTQ@._V1_UY67_CR0,0,45,67_AL_.jpg","89.","Arrested Development","(2003)","8.7"
"https://www.imdb.com/title/tt12004706/?pf_rd_m=A2FGELUUNOQJNL&pf_rd_p=12230b0e-0e00-43ed-9e59-8d5353703cce&pf_rd_r=20A1367B4J4KCQPGR7TR&pf_rd_s=center-1&pf_rd_t=15506&pf_rd_i=toptv&ref_=chttvtp_tt_90","https://m.media-amazon.com/images/M/MV5BZDkxODJmNDktZDcxMy00MGJkLWI3NzEtNzVkYTdkZWI0ZmVkXkEyXkFqcGdeQXVyNDY4NjAxNTc@._V1_UY67_CR1,0,45,67_AL_.jpg","90.","Panchayat","(2020)","8.7"
"https://www.imdb.com/title/tt0096697/?pf_rd_m=A2FGELUUNOQJNL&pf_rd_p=12230b0e-0e00-43ed-9e59-8d5353703cce&pf_rd_r=20A1367B4J4KCQPGR7TR&pf_rd_s=center-1&pf_rd_t=15506&pf_rd_i=toptv&ref_=chttvtp_tt_91","https://m.media-amazon.com/images/M/MV5BYjFkMTlkYWUtZWFhNy00M2FmLThiOTYtYTRiYjVlZWYxNmJkXkEyXkFqcGdeQXVyNTAyODkwOQ@@._V1_UX45_CR0,0,45,67_AL_.jpg","91.","The Simpsons","(1989)","8.6"
"https://www.imdb.com/title/tt10233448/?pf_rd_m=A2FGELUUNOQJNL&pf_rd_p=12230b0e-0e00-43ed-9e59-8d5353703cce&pf_rd_r=20A1367B4J4KCQPGR7TR&pf_rd_s=center-1&pf_rd_t=15506&pf_rd_i=toptv&ref_=chttvtp_tt_92","https://m.media-amazon.com/images/M/MV5BNzQwODI4Y2YtNjFmNC00NTExLWE0NzYtMTUzNjA0YzBhY2YyXkEyXkFqcGdeQXVyMTMxMTYzNDkz._V1_UY67_CR1,0,45,67_AL_.jpg","92.","Vinland Saga","(2019)","8.6"
"https://www.imdb.com/title/tt4508902/?pf_rd_m=A2FGELUUNOQJNL&pf_rd_p=12230b0e-0e00-43ed-9e59-8d5353703cce&pf_rd_r=20A1367B4J4KCQPGR7TR&pf_rd_s=center-1&pf_rd_t=15506&pf_rd_i=toptv&ref_=chttvtp_tt_93","https://m.media-amazon.com/images/M/MV5BZjJlNzE5YzEtYzQwYS00NTBjLTk5YzAtYzUwOWQyM2E3OGI2XkEyXkFqcGdeQXVyNTgyNTA4MjM@._V1_UX45_CR0,0,45,67_AL_.jpg","93.","One Punch Man","(2015)","8.6"
"https://www.imdb.com/title/tt0286486/?pf_rd_m=A2FGELUUNOQJNL&pf_rd_p=12230b0e-0e00-43ed-9e59-8d5353703cce&pf_rd_r=20A1367B4J4KCQPGR7TR&pf_rd_s=center-1&pf_rd_t=15506&pf_rd_i=toptv&ref_=chttvtp_tt_94","https://m.media-amazon.com/images/M/MV5BMTcwNzQwODI5NV5BMl5BanBnXkFtZTcwNzQxMjI5MQ@@._V1_UX45_CR0,0,45,67_AL_.jpg","94.","The Shield","(2002)","8.6"
"https://www.imdb.com/title/tt0407362/?pf_rd_m=A2FGELUUNOQJNL&pf_rd_p=12230b0e-0e00-43ed-9e59-8d5353703cce&pf_rd_r=20A1367B4J4KCQPGR7TR&pf_rd_s=center-1&pf_rd_t=15506&pf_rd_i=toptv&ref_=chttvtp_tt_95","https://m.media-amazon.com/images/M/MV5BZjBjMjk4YWQtZjY1MC00NTI5LWEwZDMtYWMyYjk2MjkzMThhXkEyXkFqcGdeQXVyNzA5NjUyNjM@._V1_UY67_CR0,0,45,67_AL_.jpg","95.","Battlestar Galactica","(2004)","8.6"
"https://www.imdb.com/title/tt0412142/?pf_rd_m=A2FGELUUNOQJNL&pf_rd_p=12230b0e-0e00-43ed-9e59-8d5353703cce&pf_rd_r=20A1367B4J4KCQPGR7TR&pf_rd_s=center-1&pf_rd_t=15506&pf_rd_i=toptv&ref_=chttvtp_tt_96","https://m.media-amazon.com/images/M/MV5BMDA4NjQzN2ItZDhhNC00ZjVlLWFjNTgtMTEyNDQyOGNjMDE1XkEyXkFqcGdeQXVyNTA4NzY1MzY@._V1_UY67_CR0,0,45,67_AL_.jpg","96.","House","(2004)","8.6"
"https://www.imdb.com/title/tt1606375/?pf_rd_m=A2FGELUUNOQJNL&pf_rd_p=12230b0e-0e00-43ed-9e59-8d5353703cce&pf_rd_r=20A1367B4J4KCQPGR7TR&pf_rd_s=center-1&pf_rd_t=15506&pf_rd_i=toptv&ref_=chttvtp_tt_97","https://m.media-amazon.com/images/M/MV5BY2U1NmIwYzgtNjFkOS00YWUxLTg0YTMtZmE5NTA3YjRmY2NlXkEyXkFqcGdeQXVyNTA4NzY1MzY@._V1_UY67_CR1,0,45,67_AL_.jpg","97.","Downton Abbey","(2010)","8.6"
"https://www.imdb.com/title/tt11280740/?pf_rd_m=A2FGELUUNOQJNL&pf_rd_p=12230b0e-0e00-43ed-9e59-8d5353703cce&pf_rd_r=20A1367B4J4KCQPGR7TR&pf_rd_s=center-1&pf_rd_t=15506&pf_rd_i=toptv&ref_=chttvtp_tt_98","https://m.media-amazon.com/images/M/MV5BMjkwZjcwMGQtNDAzOC00YjJiLThiYTgtNWU3ZjRiZmY2YzEzXkEyXkFqcGdeQXVyMTMzNDExODE5._V1_UX45_CR0,0,45,67_AL_.jpg","98.","Severance","(2022)","8.6"
"https://www.imdb.com/title/tt6741278/?pf_rd_m=A2FGELUUNOQJNL&pf_rd_p=12230b0e-0e00-43ed-9e59-8d5353703cce&pf_rd_r=20A1367B4J4KCQPGR7TR&pf_rd_s=center-1&pf_rd_t=15506&pf_rd_i=toptv&ref_=chttvtp_tt_99","https://m.media-amazon.com/images/M/MV5BMmE1ODVhMGYtODYyYS00Mjc4LWIzN2EtYWZkZDg1MTUyNDkxXkEyXkFqcGdeQXVyMTkxNjUyNQ@@._V1_UY67_CR0,0,45,67_AL_.jpg","99.","Invincible","(2021)","8.6"
"https://www.imdb.com/title/tt4574334/?pf_rd_m=A2FGELUUNOQJNL&pf_rd_p=12230b0e-0e00-43ed-9e59-8d5353703cce&pf_rd_r=20A1367B4J4KCQPGR7TR&pf_rd_s=center-1&pf_rd_t=15506&pf_rd_i=toptv&ref_=chttvtp_tt_100","https://m.media-amazon.com/images/M/MV5BMDZkYmVhNjMtNWU4MC00MDQxLWE3MjYtZGMzZWI1ZjhlOWJmXkEyXkFqcGdeQXVyMTkxNjUyNQ@@._V1_UY67_CR4,0,45,67_AL_.jpg","100.","Stranger Things","(2016)","8.6"
"https://www.imdb.com/title/tt0804503/?pf_rd_m=A2FGELUUNOQJNL&pf_rd_p=12230b0e-0e00-43ed-9e59-8d5353703cce&pf_rd_r=20A1367B4J4KCQPGR7TR&pf_rd_s=center-1&pf_rd_t=15506&pf_rd_i=toptv&ref_=chttvtp_tt_101","https://m.media-amazon.com/images/M/MV5BNTgxNDZlODQtNDcwOC00NWQ5LTljNWMtMDhjY2U5YTUzMTc4XkEyXkFqcGdeQXVyMDA4NzMyOA@@._V1_UX45_CR0,0,45,67_AL_.jpg","101.","Mad Men","(2007)","8.6"
"https://www.imdb.com/title/tt8111088/?pf_rd_m=A2FGELUUNOQJNL&pf_rd_p=12230b0e-0e00-43ed-9e59-8d5353703cce&pf_rd_r=20A1367B4J4KCQPGR7TR&pf_rd_s=center-1&pf_rd_t=15506&pf_rd_i=toptv&ref_=chttvtp_tt_102","https://m.media-amazon.com/images/M/MV5BN2M5YWFjN2YtYzU2YS00NzBlLTgwZWUtYWQzNWFhNDkyYjg3XkEyXkFqcGdeQXVyMDM2NDM2MQ@@._V1_UY67_CR0,0,45,67_AL_.jpg","102.","The Mandalorian","(2019)","8.6"
"https://www.imdb.com/title/tt1518542/?pf_rd_m=A2FGELUUNOQJNL&pf_rd_p=12230b0e-0e00-43ed-9e59-8d5353703cce&pf_rd_r=20A1367B4J4KCQPGR7TR&pf_rd_s=center-1&pf_rd_t=15506&pf_rd_i=toptv&ref_=chttvtp_tt_103","https://m.media-amazon.com/images/M/MV5BNjYxNzBhMmQtZjM4Yy00MGZiLWFmNDAtYmVkZGM0MWNlMTU3XkEyXkFqcGdeQXVyNTA4NzY1MzY@._V1_UY67_CR0,0,45,67_AL_.jpg","103.","Sarabhai V/S Sarabhai","(2004)","8.6"
"https://www.imdb.com/title/tt0387764/?pf_rd_m=A2FGELUUNOQJNL&pf_rd_p=12230b0e-0e00-43ed-9e59-8d5353703cce&pf_rd_r=20A1367B4J4KCQPGR7TR&pf_rd_s=center-1&pf_rd_t=15506&pf_rd_i=toptv&ref_=chttvtp_tt_104","https://m.media-amazon.com/images/M/MV5BZjYwMWJhOWMtZTc5ZC00MGY0LTg0ZjktMzFhODhhZGZhNDRjXkEyXkFqcGdeQXVyNTA4NzY1MzY@._V1_UX45_CR0,0,45,67_AL_.jpg","104.","Peep Show","(2003)","8.6"
"https://www.imdb.com/title/tt0092455/?pf_rd_m=A2FGELUUNOQJNL&pf_rd_p=12230b0e-0e00-43ed-9e59-8d5353703cce&pf_rd_r=20A1367B4J4KCQPGR7TR&pf_rd_s=center-1&pf_rd_t=15506&pf_rd_i=toptv&ref_=chttvtp_tt_105","https://m.media-amazon.com/images/M/MV5BOWFhYjE4NzMtOWJmZi00NzEyLTg5NTctYmIxMTU1ZDIxMDAyXkEyXkFqcGdeQXVyNTE1NjY5Mg@@._V1_UY67_CR1,0,45,67_AL_.jpg","105.","Star Trek: The Next Generation","(1987)","8.6"
"https://www.imdb.com/title/tt0318871/?pf_rd_m=A2FGELUUNOQJNL&pf_rd_p=12230b0e-0e00-43ed-9e59-8d5353703cce&pf_rd_r=20A1367B4J4KCQPGR7TR&pf_rd_s=center-1&pf_rd_t=15506&pf_rd_i=toptv&ref_=chttvtp_tt_106","https://m.media-amazon.com/images/M/MV5BZWIzNzQ3ZDctODYxYi00YjUwLTg1MDgtMDg4Mzc0NWM4ZGY0XkEyXkFqcGdeQXVyNjAwNDUxODI@._V1_UY67_CR2,0,45,67_AL_.jpg","106.","Berserk","(1997)","8.6"
"https://www.imdb.com/title/tt0086661/?pf_rd_m=A2FGELUUNOQJNL&pf_rd_p=12230b0e-0e00-43ed-9e59-8d5353703cce&pf_rd_r=20A1367B4J4KCQPGR7TR&pf_rd_s=center-1&pf_rd_t=15506&pf_rd_i=toptv&ref_=chttvtp_tt_107","https://m.media-amazon.com/images/M/MV5BOTU0ODg2ODMtZDQ0OS00N2MzLWIwYWUtZDQ2N2E2ZTZiNzI1XkEyXkFqcGdeQXVyNjc3MjQzNTI@._V1_UY67_CR1,0,45,67_AL_.jpg","107.","The Adventures of Sherlock Holmes","(1984)","8.6"
"https://www.imdb.com/title/tt14986406/?pf_rd_m=A2FGELUUNOQJNL&pf_rd_p=12230b0e-0e00-43ed-9e59-8d5353703cce&pf_rd_r=20A1367B4J4KCQPGR7TR&pf_rd_s=center-1&pf_rd_t=15506&pf_rd_i=toptv&ref_=chttvtp_tt_108","https://m.media-amazon.com/images/M/MV5BODFmYTUwYzMtM2M2My00NGExLWIzMDctYmRjNTNhZDc4MGI2XkEyXkFqcGdeQXVyMTMzNDExODE5._V1_UY67_CR1,0,45,67_AL_.jpg","108.","Bleach: Thousand-Year Blood War","(2022)","8.6"
"https://www.imdb.com/title/tt5788792/?pf_rd_m=A2FGELUUNOQJNL&pf_rd_p=12230b0e-0e00-43ed-9e59-8d5353703cce&pf_rd_r=20A1367B4J4KCQPGR7TR&pf_rd_s=center-1&pf_rd_t=15506&pf_rd_i=toptv&ref_=chttvtp_tt_109","https://m.media-amazon.com/images/M/MV5BOWFjODRhMDktMTE3My00ODQzLThmODctYmM2ZmU5YmY0ZGVkXkEyXkFqcGdeQXVyMjkwOTAyMDU@._V1_UX45_CR0,0,45,67_AL_.jpg","109.","The Marvelous Mrs. Maisel","(2017)","8.6"
"https://www.imdb.com/title/tt0758745/?pf_rd_m=A2FGELUUNOQJNL&pf_rd_p=12230b0e-0e00-43ed-9e59-8d5353703cce&pf_rd_r=20A1367B4J4KCQPGR7TR&pf_rd_s=center-1&pf_rd_t=15506&pf_rd_i=toptv&ref_=chttvtp_tt_110","https://m.media-amazon.com/images/M/MV5BYTkxZDVhZGItZjM3Yi00YTU1LTk2ZDYtYTI4NTg2Mjc0NWY1XkEyXkFqcGdeQXVyNTA4NzY1MzY@._V1_UY67_CR2,0,45,67_AL_.jpg","110.","Friday Night Lights","(2006)","8.6"
"https://www.imdb.com/title/tt5712554/?pf_rd_m=A2FGELUUNOQJNL&pf_rd_p=12230b0e-0e00-43ed-9e59-8d5353703cce&pf_rd_r=20A1367B4J4KCQPGR7TR&pf_rd_s=center-1&pf_rd_t=15506&pf_rd_i=toptv&ref_=chttvtp_tt_111","https://m.media-amazon.com/images/M/MV5BYjkyOWIyZGYtYzU3ZS00NWM2LThjZGEtMDZjZjg2MTI2NzBhXkEyXkFqcGdeQXVyNjI4OTg2Njg@._V1_UX45_CR0,0,45,67_AL_.jpg","111.","The Grand Tour","(2016)","8.6"
"https://www.imdb.com/title/tt1856010/?pf_rd_m=A2FGELUUNOQJNL&pf_rd_p=12230b0e-0e00-43ed-9e59-8d5353703cce&pf_rd_r=20A1367B4J4KCQPGR7TR&pf_rd_s=center-1&pf_rd_t=15506&pf_rd_i=toptv&ref_=chttvtp_tt_112","https://m.media-amazon.com/images/M/MV5BNmM4ODU1MzItODYyYi00Y2U0LWFjZjItYTRhZWIwOGMyZTRhXkEyXkFqcGdeQXVyNjc2NTQ4Nzk@._V1_UY67_CR1,0,45,67_AL_.jpg","112.","House of Cards","(2013)","8.6"
"https://www.imdb.com/title/tt1628033/?pf_rd_m=A2FGELUUNOQJNL&pf_rd_p=12230b0e-0e00-43ed-9e59-8d5353703cce&pf_rd_r=20A1367B4J4KCQPGR7TR&pf_rd_s=center-1&pf_rd_t=15506&pf_rd_i=toptv&ref_=chttvtp_tt_113","https://m.media-amazon.com/images/M/MV5BYzkwZDgwZmQtOWE4Yy00ZjgyLTgxZTYtZTRiMTg5MWY4NTFiXkEyXkFqcGdeQXVyNTA4NzY1MzY@._V1_UY67_CR1,0,45,67_AL_.jpg","113.","Top Gear","(2002)","8.6"
"https://www.imdb.com/title/tt6025022/?pf_rd_m=A2FGELUUNOQJNL&pf_rd_p=12230b0e-0e00-43ed-9e59-8d5353703cce&pf_rd_r=20A1367B4J4KCQPGR7TR&pf_rd_s=center-1&pf_rd_t=15506&pf_rd_i=toptv&ref_=chttvtp_tt_114","https://m.media-amazon.com/images/M/MV5BMjJlNjJkNmItNzMyYi00Y2IyLWIwMGQtODllNWI1YjRjNDk2XkEyXkFqcGdeQXVyNjk1Njg5NTA@._V1_UX45_CR0,0,45,67_AL_.jpg","114.","Justice League Unlimited","(2004)","8.6"
"https://www.imdb.com/title/tt13991232/?pf_rd_m=A2FGELUUNOQJNL&pf_rd_p=12230b0e-0e00-43ed-9e59-8d5353703cce&pf_rd_r=20A1367B4J4KCQPGR7TR&pf_rd_s=center-1&pf_rd_t=15506&pf_rd_i=toptv&ref_=chttvtp_tt_115","https://m.media-amazon.com/images/M/MV5BNDZkZDdkMjYtMGI3Yi00MmVkLTkzZjQtMGI0NGViNzIzNjhjXkEyXkFqcGdeQXVyMDA4NzMyOA@@._V1_UY67_CR0,0,45,67_AL_.jpg","115.","1883","(2021)","8.6"
"https://www.imdb.com/title/tt0459159/?pf_rd_m=A2FGELUUNOQJNL&pf_rd_p=12230b0e-0e00-43ed-9e59-8d5353703cce&pf_rd_r=20A1367B4J4KCQPGR7TR&pf_rd_s=center-1&pf_rd_t=15506&pf_rd_i=toptv&ref_=chttvtp_tt_116","https://m.media-amazon.com/images/M/MV5BZjc0ZDA5OTItYzhjNi00ZTJjLTg4OTYtZjk3NzBhODRlMTViXkEyXkFqcGdeQXVyMjc5OTMxMzQ@._V1_UY67_CR1,0,45,67_AL_.jpg","116.","The Thick of It","(2005)","8.6"
"https://www.imdb.com/title/tt2303687/?pf_rd_m=A2FGELUUNOQJNL&pf_rd_p=12230b0e-0e00-43ed-9e59-8d5353703cce&pf_rd_r=20A1367B4J4KCQPGR7TR&pf_rd_s=center-1&pf_rd_t=15506&pf_rd_i=toptv&ref_=chttvtp_tt_117","https://m.media-amazon.com/images/M/MV5BMTExZDZjNTMtNDVmNy00ZTk2LWFiMzUtZDlkZGRlOGU0ZWRmXkEyXkFqcGdeQXVyMjExMjk0ODk@._V1_UY67_CR1,0,45,67_AL_.jpg","117.","Line of Duty","(2012)","8.6"
"https://www.imdb.com/title/tt0158417/?pf_rd_m=A2FGELUUNOQJNL&pf_rd_p=12230b0e-0e00-43ed-9e59-8d5353703cce&pf_rd_r=20A1367B4J4KCQPGR7TR&pf_rd_s=center-1&pf_rd_t=15506&pf_rd_i=toptv&ref_=chttvtp_tt_118","https://m.media-amazon.com/images/M/MV5BMGE1MTlmNmYtMTg4Zi00NWRmLWIxMzktMTViNjRmYTQ5NDI2XkEyXkFqcGdeQXVyODAzNzAwOTU@._V1_UY67_CR1,0,45,67_AL_.jpg","118.","Mahabharat","(1988)","8.6"
"https://www.imdb.com/title/tt14392248/?pf_rd_m=A2FGELUUNOQJNL&pf_rd_p=12230b0e-0e00-43ed-9e59-8d5353703cce&pf_rd_r=20A1367B4J4KCQPGR7TR&pf_rd_s=center-1&pf_rd_t=15506&pf_rd_i=toptv&ref_=chttvtp_tt_119","https://m.media-amazon.com/images/M/MV5BNWRkMjA0NjItMmViYS00MDQyLTgyMWYtOWFmOTA4NmU5MjRjXkEyXkFqcGdeQXVyNDY4NjAxNTc@._V1_UY67_CR1,0,45,67_AL_.jpg","119.","Aspirants","(2021)","8.6"
"https://www.imdb.com/title/tt4786824/?pf_rd_m=A2FGELUUNOQJNL&pf_rd_p=12230b0e-0e00-43ed-9e59-8d5353703cce&pf_rd_r=20A1367B4J4KCQPGR7TR&pf_rd_s=center-1&pf_rd_t=15506&pf_rd_i=toptv&ref_=chttvtp_tt_120","https://m.media-amazon.com/images/M/MV5BZTEyNjBjYmYtYWYxYi00MmQyLThlYmItY2I4NzM1Mjg1MWYxXkEyXkFqcGdeQXVyMTU3ODI3MTk2._V1_UY67_CR0,0,45,67_AL_.jpg","120.","The Crown","(2016)","8.6"
"https://www.imdb.com/title/tt1795096/?pf_rd_m=A2FGELUUNOQJNL&pf_rd_p=12230b0e-0e00-43ed-9e59-8d5353703cce&pf_rd_r=20A1367B4J4KCQPGR7TR&pf_rd_s=center-1&pf_rd_t=15506&pf_rd_i=toptv&ref_=chttvtp_tt_121","https://m.media-amazon.com/images/M/MV5BZDZjY2I5ZjEtZGE2MS00ZjRmLTlmMGEtMDQ5ZmZhZWJjYzk3XkEyXkFqcGdeQXVyNDg4MjkzNDk@._V1_UY67_CR1,0,45,67_AL_.jpg","121.","Behzat Ã‡: An Ankara Detective Story","(2010)","8.6"
"https://www.imdb.com/title/tt0111958/?pf_rd_m=A2FGELUUNOQJNL&pf_rd_p=12230b0e-0e00-43ed-9e59-8d5353703cce&pf_rd_r=20A1367B4J4KCQPGR7TR&pf_rd_s=center-1&pf_rd_t=15506&pf_rd_i=toptv&ref_=chttvtp_tt_122","https://m.media-amazon.com/images/M/MV5BNWNmNDEwY2YtNmUzZi00YjEzLWFkZDQtZjhiN2M1YmVkYmFjXkEyXkFqcGdeQXVyNjc4NTExMTk@._V1_UY67_CR0,0,45,67_AL_.jpg","122.","Father Ted","(1995)","8.6"
"https://www.imdb.com/title/tt5555260/?pf_rd_m=A2FGELUUNOQJNL&pf_rd_p=12230b0e-0e00-43ed-9e59-8d5353703cce&pf_rd_r=20A1367B4J4KCQPGR7TR&pf_rd_s=center-1&pf_rd_t=15506&pf_rd_i=toptv&ref_=chttvtp_tt_123","https://m.media-amazon.com/images/M/MV5BNzYxYWY3YzctZjRiNS00MTViLTk5OTYtZDEyNzAwNGE5ODY0XkEyXkFqcGdeQXVyODUxOTU0OTg@._V1_UY67_CR0,0,45,67_AL_.jpg","123.","This Is Us","(2016)","8.6"
"https://www.imdb.com/title/tt0348914/?pf_rd_m=A2FGELUUNOQJNL&pf_rd_p=12230b0e-0e00-43ed-9e59-8d5353703cce&pf_rd_r=20A1367B4J4KCQPGR7TR&pf_rd_s=center-1&pf_rd_t=15506&pf_rd_i=toptv&ref_=chttvtp_tt_124","https://m.media-amazon.com/images/M/MV5BNDJhMjUzMDYtNzc4MS00Nzk2LTkyMGQtN2M5NTczYTZmYmY5XkEyXkFqcGdeQXVyMzU3MTc5OTE@._V1_UY67_CR0,0,45,67_AL_.jpg","124.","Deadwood","(2004)","8.6"
"https://www.imdb.com/title/tt1266020/?pf_rd_m=A2FGELUUNOQJNL&pf_rd_p=12230b0e-0e00-43ed-9e59-8d5353703cce&pf_rd_r=20A1367B4J4KCQPGR7TR&pf_rd_s=center-1&pf_rd_t=15506&pf_rd_i=toptv&ref_=chttvtp_tt_125","https://m.media-amazon.com/images/M/MV5BYWNkOTg0OTMtZTcyNy00MWU1LWJhZDQtYjQzMjU1NjBhYzI2XkEyXkFqcGdeQXVyOTE4NzcwNzI@._V1_UY67_CR0,0,45,67_AL_.jpg","125.","Parks and Recreation","(2009)","8.6"
"https://www.imdb.com/title/tt4288182/?pf_rd_m=A2FGELUUNOQJNL&pf_rd_p=12230b0e-0e00-43ed-9e59-8d5353703cce&pf_rd_r=20A1367B4J4KCQPGR7TR&pf_rd_s=center-1&pf_rd_t=15506&pf_rd_i=toptv&ref_=chttvtp_tt_126","https://m.media-amazon.com/images/M/MV5BZGU1MzRhNmMtNDExOS00NTk2LWJlYzMtMzc4YWYyN2Q3M2ZmXkEyXkFqcGdeQXVyMTUzMTg2ODkz._V1_UY67_CR4,0,45,67_AL_.jpg","126.","Atlanta","(2016)","8.6"
"https://www.imdb.com/title/tt0106179/?pf_rd_m=A2FGELUUNOQJNL&pf_rd_p=12230b0e-0e00-43ed-9e59-8d5353703cce&pf_rd_r=20A1367B4J4KCQPGR7TR&pf_rd_s=center-1&pf_rd_t=15506&pf_rd_i=toptv&ref_=chttvtp_tt_127","https://m.media-amazon.com/images/M/MV5BZDA0MmM4YzUtMzYwZC00OGI2LWE0ODctNzNhNTkwN2FmNTVhXkEyXkFqcGdeQXVyNTA4NzY1MzY@._V1_UY67_CR0,0,45,67_AL_.jpg","127.","The X-Files","(1993)","8.6"
"https://www.imdb.com/title/tt0773262/?pf_rd_m=A2FGELUUNOQJNL&pf_rd_p=12230b0e-0e00-43ed-9e59-8d5353703cce&pf_rd_r=20A1367B4J4KCQPGR7TR&pf_rd_s=center-1&pf_rd_t=15506&pf_rd_i=toptv&ref_=chttvtp_tt_128","https://m.media-amazon.com/images/M/MV5BZjkzMmU5MjMtODllZS00OTA5LTk2ZTEtNjdhYjZhMDA5ZTRhXkEyXkFqcGdeQXVyOTA3MTMyOTk@._V1_UY67_CR2,0,45,67_AL_.jpg","128.","Dexter","(2006)","8.6"
"https://www.imdb.com/title/tt0988824/?pf_rd_m=A2FGELUUNOQJNL&pf_rd_p=12230b0e-0e00-43ed-9e59-8d5353703cce&pf_rd_r=20A1367B4J4KCQPGR7TR&pf_rd_s=center-1&pf_rd_t=15506&pf_rd_i=toptv&ref_=chttvtp_tt_129","https://m.media-amazon.com/images/M/MV5BZGFiMWFhNDAtMzUyZS00NmQ2LTljNDYtMmZjNTc5MDUxMzViXkEyXkFqcGdeQXVyNjAwNDUxODI@._V1_UY67_CR1,0,45,67_AL_.jpg","129.","Naruto: Shippuden","(2007)","8.6"
"https://www.imdb.com/title/tt4299972/?pf_rd_m=A2FGELUUNOQJNL&pf_rd_p=12230b0e-0e00-43ed-9e59-8d5353703cce&pf_rd_r=20A1367B4J4KCQPGR7TR&pf_rd_s=center-1&pf_rd_t=15506&pf_rd_i=toptv&ref_=chttvtp_tt_130","https://m.media-amazon.com/images/M/MV5BMjI0OTc3MzY5Ml5BMl5BanBnXkFtZTgwNjk3MDUyNDE@._V1_UY67_CR0,0,45,67_AL_.jpg","130.","The Jinx: The Life and Deaths of Robert Durst","(2015)","8.6"
"https://www.imdb.com/title/tt10332508/?pf_rd_m=A2FGELUUNOQJNL&pf_rd_p=12230b0e-0e00-43ed-9e59-8d5353703cce&pf_rd_r=20A1367B4J4KCQPGR7TR&pf_rd_s=center-1&pf_rd_t=15506&pf_rd_i=toptv&ref_=chttvtp_tt_131","https://m.media-amazon.com/images/M/MV5BYjk3Y2U3NjEtMjNhYi00YTZmLWEzOTgtZWI4N2Y4NzlmNWExXkEyXkFqcGdeQXVyODk2MzQ0OTc@._V1_UY67_CR2,0,45,67_AL_.jpg","131.","Primal","(2019)","8.6"
"https://www.imdb.com/title/tt4834232/?pf_rd_m=A2FGELUUNOQJNL&pf_rd_p=12230b0e-0e00-43ed-9e59-8d5353703cce&pf_rd_r=20A1367B4J4KCQPGR7TR&pf_rd_s=center-1&pf_rd_t=15506&pf_rd_i=toptv&ref_=chttvtp_tt_132","https://m.media-amazon.com/images/M/MV5BYjNjZDliYmItZDE0NC00ZGY3LTk0ZDEtZGI5MjAxZjQwMDE4XkEyXkFqcGdeQXVyMjM5NzU3OTM@._V1_UY67_CR3,0,45,67_AL_.jpg","132.","Critical Role","(2015)","8.6"
"https://www.imdb.com/title/tt0994314/?pf_rd_m=A2FGELUUNOQJNL&pf_rd_p=12230b0e-0e00-43ed-9e59-8d5353703cce&pf_rd_r=20A1367B4J4KCQPGR7TR&pf_rd_s=center-1&pf_rd_t=15506&pf_rd_i=toptv&ref_=chttvtp_tt_133","https://m.media-amazon.com/images/M/MV5BYzZjY2MzYTAtMmQxMi00MWVjLTlkZGQtYjJmNWVhODY3YjdjXkEyXkFqcGdeQXVyNjAwNDUxODI@._V1_UY67_CR1,0,45,67_AL_.jpg","133.","Code Geass","(2006)","8.6"
"https://www.imdb.com/title/tt1733785/?pf_rd_m=A2FGELUUNOQJNL&pf_rd_p=12230b0e-0e00-43ed-9e59-8d5353703cce&pf_rd_r=20A1367B4J4KCQPGR7TR&pf_rd_s=center-1&pf_rd_t=15506&pf_rd_i=toptv&ref_=chttvtp_tt_134","https://m.media-amazon.com/images/M/MV5BMjQ3MDAzNDU4NV5BMl5BanBnXkFtZTgwNjE2NDQ0NzE@._V1_UY67_CR1,0,45,67_AL_.jpg","134.","The Bridge","(2011)","8.6"
"https://www.imdb.com/title/tt0088484/?pf_rd_m=A2FGELUUNOQJNL&pf_rd_p=12230b0e-0e00-43ed-9e59-8d5353703cce&pf_rd_r=20A1367B4J4KCQPGR7TR&pf_rd_s=center-1&pf_rd_t=15506&pf_rd_i=toptv&ref_=chttvtp_tt_135","https://m.media-amazon.com/images/M/MV5BMTI4NDc1NDg0N15BMl5BanBnXkFtZTYwNjk0MTc5._V1_UY67_CR1,0,45,67_AL_.jpg","135.","Blackadder II","(1986)","8.6"
"https://www.imdb.com/title/tt0434706/?pf_rd_m=A2FGELUUNOQJNL&pf_rd_p=12230b0e-0e00-43ed-9e59-8d5353703cce&pf_rd_r=20A1367B4J4KCQPGR7TR&pf_rd_s=center-1&pf_rd_t=15506&pf_rd_i=toptv&ref_=chttvtp_tt_136","https://m.media-amazon.com/images/M/MV5BM2ZkYTAwMGMtOGEwOS00MzBjLTgxOGYtZTYwY2E1ZjMyZmY4XkEyXkFqcGdeQXVyNTgyNTA4MjM@._V1_UX45_CR0,0,45,67_AL_.jpg","136.","Monster","(2004)","8.6"
"https://www.imdb.com/title/tt3322312/?pf_rd_m=A2FGELUUNOQJNL&pf_rd_p=12230b0e-0e00-43ed-9e59-8d5353703cce&pf_rd_r=20A1367B4J4KCQPGR7TR&pf_rd_s=center-1&pf_rd_t=15506&pf_rd_i=toptv&ref_=chttvtp_tt_137","https://m.media-amazon.com/images/M/MV5BYjJhMjcwNjAtODc0ZC00Yjg5LWExYzEtMzc5OWJhNjI1NTQ4XkEyXkFqcGdeQXVyNTA3MTU2MjE@._V1_UX45_CR0,0,45,67_AL_.jpg","137.","Daredevil","(2015)","8.6"
"https://www.imdb.com/title/tt0268093/?pf_rd_m=A2FGELUUNOQJNL&pf_rd_p=12230b0e-0e00-43ed-9e59-8d5353703cce&pf_rd_r=20A1367B4J4KCQPGR7TR&pf_rd_s=center-1&pf_rd_t=15506&pf_rd_i=toptv&ref_=chttvtp_tt_138","https://m.media-amazon.com/images/M/MV5BODFjYWEyOTktMTU3OC00YTBhLWE4ZmEtNTJiYWUzYTYwMjIzXkEyXkFqcGdeQXVyNjU1NDgwMDg@._V1_UY67_CR1,0,45,67_AL_.jpg","138.","Ramayan","(1987)","8.6"
"https://www.imdb.com/title/tt9140342/?pf_rd_m=A2FGELUUNOQJNL&pf_rd_p=12230b0e-0e00-43ed-9e59-8d5353703cce&pf_rd_r=20A1367B4J4KCQPGR7TR&pf_rd_s=center-1&pf_rd_t=15506&pf_rd_i=toptv&ref_=chttvtp_tt_139","https://m.media-amazon.com/images/M/MV5BZWIyNGI1N2YtNzRlZS00NTFjLTk5MzMtZjQ5MTUwMTljZDZkXkEyXkFqcGdeQXVyMjQwMDg0Ng@@._V1_UY67_CR0,0,45,67_AL_.jpg","139.","It's a Sin","(2021)","8.6"
"https://www.imdb.com/title/tt0096639/?pf_rd_m=A2FGELUUNOQJNL&pf_rd_p=12230b0e-0e00-43ed-9e59-8d5353703cce&pf_rd_r=20A1367B4J4KCQPGR7TR&pf_rd_s=center-1&pf_rd_t=15506&pf_rd_i=toptv&ref_=chttvtp_tt_140","https://m.media-amazon.com/images/M/MV5BMmJmYTg0MDEtN2VjMC00YmUxLWFhNmMtZTBiYjQ2ZGQ5ZWMyXkEyXkFqcGdeQXVyNTE1NjY5Mg@@._V1_UY67_CR0,0,45,67_AL_.jpg","140.","Lonesome Dove","(1989)","8.6"
"https://www.imdb.com/title/tt9335498/?pf_rd_m=A2FGELUUNOQJNL&pf_rd_p=12230b0e-0e00-43ed-9e59-8d5353703cce&pf_rd_r=20A1367B4J4KCQPGR7TR&pf_rd_s=center-1&pf_rd_t=15506&pf_rd_i=toptv&ref_=chttvtp_tt_141","https://m.media-amazon.com/images/M/MV5BYTIxNjk3YjItYmYzMC00ZTdmLTk0NGUtZmNlZTA0NWFkZDMwXkEyXkFqcGdeQXVyNjAwNDUxODI@._V1_UX45_CR0,0,45,67_AL_.jpg","141.","Demon Slayer: Kimetsu no Yaiba","(2019)","8.6"
"https://www.imdb.com/title/tt8595766/?pf_rd_m=A2FGELUUNOQJNL&pf_rd_p=12230b0e-0e00-43ed-9e59-8d5353703cce&pf_rd_r=20A1367B4J4KCQPGR7TR&pf_rd_s=center-1&pf_rd_t=15506&pf_rd_i=toptv&ref_=chttvtp_tt_142","https://m.media-amazon.com/images/M/MV5BYzExZjIxMmItOTZmYS00MWFlLTg5ODItOGVlMjQxODM0NzkyXkEyXkFqcGdeQXVyMTExMTIzMTA5._V1_UY67_CR0,0,45,67_AL_.jpg","142.","Yeh Meri Family","(2018)","8.6"
"https://www.imdb.com/title/tt1305826/?pf_rd_m=A2FGELUUNOQJNL&pf_rd_p=12230b0e-0e00-43ed-9e59-8d5353703cce&pf_rd_r=20A1367B4J4KCQPGR7TR&pf_rd_s=center-1&pf_rd_t=15506&pf_rd_i=toptv&ref_=chttvtp_tt_143","https://m.media-amazon.com/images/M/MV5BMGFkNGY4NGMtZjY0NC00YTI0LThiZjMtMjBmZGMzOGU3YTdmXkEyXkFqcGdeQXVyMTM0NTUzNDIy._V1_UX45_CR0,0,45,67_AL_.jpg","143.","Adventure Time","(2010)","8.6"
"https://www.imdb.com/title/tt1486217/?pf_rd_m=A2FGELUUNOQJNL&pf_rd_p=12230b0e-0e00-43ed-9e59-8d5353703cce&pf_rd_r=20A1367B4J4KCQPGR7TR&pf_rd_s=center-1&pf_rd_t=15506&pf_rd_i=toptv&ref_=chttvtp_tt_144","https://m.media-amazon.com/images/M/MV5BMTg3NTMwMzY2OF5BMl5BanBnXkFtZTgwMDcxMjQ0NDE@._V1_UX45_CR0,0,45,67_AL_.jpg","144.","Archer","(2009)","8.6"
"https://www.imdb.com/title/tt0090509/?pf_rd_m=A2FGELUUNOQJNL&pf_rd_p=12230b0e-0e00-43ed-9e59-8d5353703cce&pf_rd_r=20A1367B4J4KCQPGR7TR&pf_rd_s=center-1&pf_rd_t=15506&pf_rd_i=toptv&ref_=chttvtp_tt_145","https://m.media-amazon.com/images/M/MV5BMjM1OTc0MjMtZjFmOS00ZmQ0LTk1ZWItM2U1YTc5ODZjZjI3XkEyXkFqcGdeQXVyNTA4NzY1MzY@._V1_UY67_CR0,0,45,67_AL_.jpg","145.","The Return of Sherlock Holmes","(1986)","8.6"
"https://www.imdb.com/title/tt5290382/?pf_rd_m=A2FGELUUNOQJNL&pf_rd_p=12230b0e-0e00-43ed-9e59-8d5353703cce&pf_rd_r=20A1367B4J4KCQPGR7TR&pf_rd_s=center-1&pf_rd_t=15506&pf_rd_i=toptv&ref_=chttvtp_tt_146","https://m.media-amazon.com/images/M/MV5BNWNmYzQ1ZWUtYTQ3ZS00Y2UwLTlkMDctZThlOTJkMGJiNzBiXkEyXkFqcGdeQXVyNjg2NjQwMDQ@._V1_UY67_CR0,0,45,67_AL_.jpg","146.","Mindhunter","(2017)","8.5"
"https://www.imdb.com/title/tt2049116/?pf_rd_m=A2FGELUUNOQJNL&pf_rd_p=12230b0e-0e00-43ed-9e59-8d5353703cce&pf_rd_r=20A1367B4J4KCQPGR7TR&pf_rd_s=center-1&pf_rd_t=15506&pf_rd_i=toptv&ref_=chttvtp_tt_147","https://m.media-amazon.com/images/M/MV5BMTgzNmNjZGQtMjM3ZC00Y2Y2LTlkZGItM2EwNTM2MmUyMDExXkEyXkFqcGdeQXVyMTMxNjUyMDkx._V1_UY67_CR0,0,45,67_AL_.jpg","147.","Gomorrah","(2014)","8.5"
"https://www.imdb.com/title/tt0094517/?pf_rd_m=A2FGELUUNOQJNL&pf_rd_p=12230b0e-0e00-43ed-9e59-8d5353703cce&pf_rd_r=20A1367B4J4KCQPGR7TR&pf_rd_s=center-1&pf_rd_t=15506&pf_rd_i=toptv&ref_=chttvtp_tt_148","https://m.media-amazon.com/images/M/MV5BNTA0OGRiYTMtMjliYS00ZjZkLWI2ODEtMWI5ZmM5OTBjYmNlXkEyXkFqcGdeQXVyNTA4NzY1MzY@._V1_UY67_CR1,0,45,67_AL_.jpg","148.","Mystery Science Theater 3000","(1988)","8.5"
"https://www.imdb.com/title/tt0092324/?pf_rd_m=A2FGELUUNOQJNL&pf_rd_p=12230b0e-0e00-43ed-9e59-8d5353703cce&pf_rd_r=20A1367B4J4KCQPGR7TR&pf_rd_s=center-1&pf_rd_t=15506&pf_rd_i=toptv&ref_=chttvtp_tt_149","https://m.media-amazon.com/images/M/MV5BMGViZTgzNjEtZWQ3My00YjJkLTk2OGUtZDQ1ODg2ZGEyNzhhXkEyXkFqcGdeQXVyNTA4NzY1MzY@._V1_UY67_CR1,0,45,67_AL_.jpg","149.","Blackadder the Third","(1987)","8.5"
"https://www.imdb.com/title/tt13111040/?pf_rd_m=A2FGELUUNOQJNL&pf_rd_p=12230b0e-0e00-43ed-9e59-8d5353703cce&pf_rd_r=20A1367B4J4KCQPGR7TR&pf_rd_s=center-1&pf_rd_t=15506&pf_rd_i=toptv&ref_=chttvtp_tt_150","https://m.media-amazon.com/images/M/MV5BMzU1YWU3ZWItYTA4Yy00M2Q0LTkzZTQtYzFmNzVlZTg1ZTQwXkEyXkFqcGdeQXVyMTM1MTE1NDMx._V1_UY67_CR0,0,45,67_AL_.jpg","150.","The Offer","(2022)","8.5"
"https://www.imdb.com/title/tt1641384/?pf_rd_m=A2FGELUUNOQJNL&pf_rd_p=12230b0e-0e00-43ed-9e59-8d5353703cce&pf_rd_r=20A1367B4J4KCQPGR7TR&pf_rd_s=center-1&pf_rd_t=15506&pf_rd_i=toptv&ref_=chttvtp_tt_151","https://m.media-amazon.com/images/M/MV5BMTAwYzE4NzItY2Q3Zi00NjRmLWE5ZTAtMDM5OWIyMmQ3MTFlXkEyXkFqcGdeQXVyMTkxNjUyNQ@@._V1_UY67_CR0,0,45,67_AL_.jpg","151.","Young Justice","(2010)","8.5"
"https://www.imdb.com/title/tt4236770/?pf_rd_m=A2FGELUUNOQJNL&pf_rd_p=12230b0e-0e00-43ed-9e59-8d5353703cce&pf_rd_r=20A1367B4J4KCQPGR7TR&pf_rd_s=center-1&pf_rd_t=15506&pf_rd_i=toptv&ref_=chttvtp_tt_152","https://m.media-amazon.com/images/M/MV5BOGFiZjU5NGEtNTAwNS00ZjI2LTg0YTktNjg0ODFlM2E0NGVhXkEyXkFqcGdeQXVyMzQ2MDI5NjU@._V1_UX45_CR0,0,45,67_AL_.jpg","152.","Yellowstone","(2018)","8.5"
"https://www.imdb.com/title/tt3398540/?pf_rd_m=A2FGELUUNOQJNL&pf_rd_p=12230b0e-0e00-43ed-9e59-8d5353703cce&pf_rd_r=20A1367B4J4KCQPGR7TR&pf_rd_s=center-1&pf_rd_t=15506&pf_rd_i=toptv&ref_=chttvtp_tt_153","https://m.media-amazon.com/images/M/MV5BNjkyNDI2MTgtN2Y3NS00M2RjLWJhNDMtMmNmZmUwMDQwZTE1XkEyXkFqcGdeQXVyNjAwNDUxODI@._V1_UX45_CR0,0,45,67_AL_.jpg","153.","Haikyu!!","(2014)","8.5"
"https://www.imdb.com/title/tt0096657/?pf_rd_m=A2FGELUUNOQJNL&pf_rd_p=12230b0e-0e00-43ed-9e59-8d5353703cce&pf_rd_r=20A1367B4J4KCQPGR7TR&pf_rd_s=center-1&pf_rd_t=15506&pf_rd_i=toptv&ref_=chttvtp_tt_154","https://m.media-amazon.com/images/M/MV5BMGNhODY0ZjktYjY2ZS00MGNkLTg2ZTUtMGEwNGRlMmY3ZjQ4XkEyXkFqcGdeQXVyNTgyNTA4MjM@._V1_UX45_CR0,0,45,67_AL_.jpg","154.","Mr. Bean","(1990)","8.5"
"https://www.imdb.com/title/tt5421602/?pf_rd_m=A2FGELUUNOQJNL&pf_rd_p=12230b0e-0e00-43ed-9e59-8d5353703cce&pf_rd_r=20A1367B4J4KCQPGR7TR&pf_rd_s=center-1&pf_rd_t=15506&pf_rd_i=toptv&ref_=chttvtp_tt_155","https://m.media-amazon.com/images/M/MV5BNThmMzJlNzgtYmY5ZC00MDllLThmZTMtNTRiMjQwNmY0NmRhXkEyXkFqcGdeQXVyMTkxNjUyNQ@@._V1_UY67_CR4,0,45,67_AL_.jpg","155.","Anne with an E","(2017)","8.5"
"https://www.imdb.com/title/tt0094525/?pf_rd_m=A2FGELUUNOQJNL&pf_rd_p=12230b0e-0e00-43ed-9e59-8d5353703cce&pf_rd_r=20A1367B4J4KCQPGR7TR&pf_rd_s=center-1&pf_rd_t=15506&pf_rd_i=toptv&ref_=chttvtp_tt_156","https://m.media-amazon.com/images/M/MV5BZDU5NGNkNDEtM2M3OS00OTNiLTk2MTAtZWM5NWI4NDVlOGRlXkEyXkFqcGdeQXVyMTUyNjc3NDQ4._V1_UX45_CR0,0,45,67_AL_.jpg","156.","Poirot","(1989)","8.5"
"https://www.imdb.com/title/tt9174558/?pf_rd_m=A2FGELUUNOQJNL&pf_rd_p=12230b0e-0e00-43ed-9e59-8d5353703cce&pf_rd_r=20A1367B4J4KCQPGR7TR&pf_rd_s=center-1&pf_rd_t=15506&pf_rd_i=toptv&ref_=chttvtp_tt_157","https://m.media-amazon.com/images/M/MV5BZTc5NmU1YWUtMzgxNC00YmVmLTk1MDYtNjlkNjQwZGVjMTIzXkEyXkFqcGdeQXVyMDM2NDM2MQ@@._V1_UY67_CR0,0,45,67_AL_.jpg","157.","Dopesick","(2021)","8.5"
"https://www.imdb.com/title/tt0380136/?pf_rd_m=A2FGELUUNOQJNL&pf_rd_p=12230b0e-0e00-43ed-9e59-8d5353703cce&pf_rd_r=20A1367B4J4KCQPGR7TR&pf_rd_s=center-1&pf_rd_t=15506&pf_rd_i=toptv&ref_=chttvtp_tt_158","https://m.media-amazon.com/images/M/MV5BMjgyYWUxNGMtMGMwZi00OWIyLTkwN2ItOWYyYWUxYzcyNzUwXkEyXkFqcGdeQXVyNjg0NTcxMTg@._V1_UX45_CR0,0,45,67_AL_.jpg","158.","QI","(2003)","8.5"
"https://www.imdb.com/title/tt0080306/?pf_rd_m=A2FGELUUNOQJNL&pf_rd_p=12230b0e-0e00-43ed-9e59-8d5353703cce&pf_rd_r=20A1367B4J4KCQPGR7TR&pf_rd_s=center-1&pf_rd_t=15506&pf_rd_i=toptv&ref_=chttvtp_tt_159","https://m.media-amazon.com/images/M/MV5BY2NhZWM1N2YtZmU4ZS00NmVmLWFkMmYtNTQxNjExNmJhYzA0XkEyXkFqcGdeQXVyNjg1NzcwODE@._V1_UY67_CR2,0,45,67_AL_.jpg","159.","Yes Minister","(1980)","8.5"
"https://www.imdb.com/title/tt10638036/?pf_rd_m=A2FGELUUNOQJNL&pf_rd_p=12230b0e-0e00-43ed-9e59-8d5353703cce&pf_rd_r=20A1367B4J4KCQPGR7TR&pf_rd_s=center-1&pf_rd_t=15506&pf_rd_i=toptv&ref_=chttvtp_tt_160","https://m.media-amazon.com/images/M/MV5BMTU1NmYwMTAtNzNjOS00NDNkLWI0ZmMtMDYxYWEyYzIxYTNjXkEyXkFqcGdeQXVyNjA1MTI4NjA@._V1_UY67_CR4,0,45,67_AL_.jpg","160.","Heartstopper","(2022)","8.5"
"https://www.imdb.com/title/tt7562112/?pf_rd_m=A2FGELUUNOQJNL&pf_rd_p=12230b0e-0e00-43ed-9e59-8d5353703cce&pf_rd_r=20A1367B4J4KCQPGR7TR&pf_rd_s=center-1&pf_rd_t=15506&pf_rd_i=toptv&ref_=chttvtp_tt_161","https://m.media-amazon.com/images/M/MV5BNmNiZTFlMTAtYWZjNS00NGFlLWFkMTItOWRhOTBjN2Y1NDYxXkEyXkFqcGdeQXVyMTUyNjc3NDQ4._V1_UY67_CR4,0,45,67_AL_.jpg","161.","Pose","(2018)","8.5"
"https://www.imdb.com/title/tt1489428/?pf_rd_m=A2FGELUUNOQJNL&pf_rd_p=12230b0e-0e00-43ed-9e59-8d5353703cce&pf_rd_r=20A1367B4J4KCQPGR7TR&pf_rd_s=center-1&pf_rd_t=15506&pf_rd_i=toptv&ref_=chttvtp_tt_162","https://m.media-amazon.com/images/M/MV5BNzRjNGVhNDMtODI0ZS00NGNhLWE2MTctMGRkMzdhZmQ1YWY4XkEyXkFqcGdeQXVyNDIzMzcwNjc@._V1_UY67_CR0,0,45,67_AL_.jpg","162.","Justified","(2010)","8.5"
"https://www.imdb.com/title/tt0979432/?pf_rd_m=A2FGELUUNOQJNL&pf_rd_p=12230b0e-0e00-43ed-9e59-8d5353703cce&pf_rd_r=20A1367B4J4KCQPGR7TR&pf_rd_s=center-1&pf_rd_t=15506&pf_rd_i=toptv&ref_=chttvtp_tt_163","https://m.media-amazon.com/images/M/MV5BYTYxNzc5ZmYtODcyNi00ZWUwLWExNWUtY2Y0YTlhZDBlMGU1XkEyXkFqcGdeQXVyNzQ1ODk3MTQ@._V1_UY67_CR0,0,45,67_AL_.jpg","163.","Boardwalk Empire","(2010)","8.5"
"https://www.imdb.com/title/tt1870479/?pf_rd_m=A2FGELUUNOQJNL&pf_rd_p=12230b0e-0e00-43ed-9e59-8d5353703cce&pf_rd_r=20A1367B4J4KCQPGR7TR&pf_rd_s=center-1&pf_rd_t=15506&pf_rd_i=toptv&ref_=chttvtp_tt_164","https://m.media-amazon.com/images/M/MV5BZDI0OWIwMTgtZGIyOC00ODRhLWIwNjAtOWViZmMwOWYwOGViXkEyXkFqcGdeQXVyNTE1NjY5Mg@@._V1_UY67_CR0,0,45,67_AL_.jpg","164.","The Newsroom","(2012)","8.5"
"https://www.imdb.com/title/tt10850932/?pf_rd_m=A2FGELUUNOQJNL&pf_rd_p=12230b0e-0e00-43ed-9e59-8d5353703cce&pf_rd_r=20A1367B4J4KCQPGR7TR&pf_rd_s=center-1&pf_rd_t=15506&pf_rd_i=toptv&ref_=chttvtp_tt_165","https://m.media-amazon.com/images/M/MV5BMzRiZWUyN2YtNDI4YS00NTg2LTg0OTgtMGI2ZjU4ODQ4Yjk3XkEyXkFqcGdeQXVyNTI5NjIyMw@@._V1_UY67_CR1,0,45,67_AL_.jpg","165.","Crash Landing on You","(2019)","8.5"
"https://www.imdb.com/title/tt5189670/?pf_rd_m=A2FGELUUNOQJNL&pf_rd_p=12230b0e-0e00-43ed-9e59-8d5353703cce&pf_rd_r=20A1367B4J4KCQPGR7TR&pf_rd_s=center-1&pf_rd_t=15506&pf_rd_i=toptv&ref_=chttvtp_tt_166","https://m.media-amazon.com/images/M/MV5BMTg4Mjc1NjE4Ml5BMl5BanBnXkFtZTgwMjk2NjA1NjM@._V1_UY67_CR0,0,45,67_AL_.jpg","166.","Making a Murderer","(2015)","8.5"
"https://www.imdb.com/title/tt0053488/?pf_rd_m=A2FGELUUNOQJNL&pf_rd_p=12230b0e-0e00-43ed-9e59-8d5353703cce&pf_rd_r=20A1367B4J4KCQPGR7TR&pf_rd_s=center-1&pf_rd_t=15506&pf_rd_i=toptv&ref_=chttvtp_tt_167","https://m.media-amazon.com/images/M/MV5BZTE2NWRmZDAtMjc4OC00NThhLTg2OTMtNzUwNTg1MDkyY2Y5XkEyXkFqcGdeQXVyMTUyNjc3NDQ4._V1_UX45_CR0,0,45,67_AL_.jpg","167.","The Bugs Bunny Show","(1960)","8.5"
"https://www.imdb.com/title/tt6763664/?pf_rd_m=A2FGELUUNOQJNL&pf_rd_p=12230b0e-0e00-43ed-9e59-8d5353703cce&pf_rd_r=20A1367B4J4KCQPGR7TR&pf_rd_s=center-1&pf_rd_t=15506&pf_rd_i=toptv&ref_=chttvtp_tt_168","https://m.media-amazon.com/images/M/MV5BMTU4NzA4MDEwNF5BMl5BanBnXkFtZTgwMTQxODYzNjM@._V1_UY67_CR0,0,45,67_AL_.jpg","168.","The Haunting of Hill House","(2018)","8.5"
"https://www.imdb.com/title/tt0275137/?pf_rd_m=A2FGELUUNOQJNL&pf_rd_p=12230b0e-0e00-43ed-9e59-8d5353703cce&pf_rd_r=20A1367B4J4KCQPGR7TR&pf_rd_s=center-1&pf_rd_t=15506&pf_rd_i=toptv&ref_=chttvtp_tt_169","https://m.media-amazon.com/images/M/MV5BZGQxYzExOGEtYjE2Ni00YzNlLTkyMGEtZTM0NDE3ZTIzODU1XkEyXkFqcGdeQXVyNTgyNTA4MjM@._V1_UX45_CR0,0,45,67_AL_.jpg","169.","Justice League","(2001)","8.5"
"https://www.imdb.com/title/tt10048342/?pf_rd_m=A2FGELUUNOQJNL&pf_rd_p=12230b0e-0e00-43ed-9e59-8d5353703cce&pf_rd_r=20A1367B4J4KCQPGR7TR&pf_rd_s=center-1&pf_rd_t=15506&pf_rd_i=toptv&ref_=chttvtp_tt_170","https://m.media-amazon.com/images/M/MV5BM2EwMmRhMmUtMzBmMS00ZDQ3LTg4OGEtNjlkODk3ZTMxMmJlXkEyXkFqcGdeQXVyMjM5ODk1NDU@._V1_UY67_CR0,0,45,67_AL_.jpg","170.","The Queen's Gambit","(2020)","8.5"
"https://www.imdb.com/title/tt2244495/?pf_rd_m=A2FGELUUNOQJNL&pf_rd_p=12230b0e-0e00-43ed-9e59-8d5353703cce&pf_rd_r=20A1367B4J4KCQPGR7TR&pf_rd_s=center-1&pf_rd_t=15506&pf_rd_i=toptv&ref_=chttvtp_tt_171","https://m.media-amazon.com/images/M/MV5BZWI4YTVhYmMtZmZjNS00MmFjLTkyMDItNzcxYjVjZjZmODliXkEyXkFqcGdeQXVyMzM4NjcxOTc@._V1_UY67_CR0,0,45,67_AL_.jpg","171.","The Eric Andre Show","(2012)","8.5"
"https://www.imdb.com/title/tt0229889/?pf_rd_m=A2FGELUUNOQJNL&pf_rd_p=12230b0e-0e00-43ed-9e59-8d5353703cce&pf_rd_r=20A1367B4J4KCQPGR7TR&pf_rd_s=center-1&pf_rd_t=15506&pf_rd_i=toptv&ref_=chttvtp_tt_172","https://m.media-amazon.com/images/M/MV5BZjM3ZmY2YzAtZjY1My00OTJjLWI5M2QtYmYxNDQ1OTBkY2E2XkEyXkFqcGdeQXVyMzQxNzU3NA@@._V1_UX45_CR0,0,45,67_AL_.jpg","172.","El Chavo del Ocho","(1972)","8.5"
"https://www.imdb.com/title/tt0106028/?pf_rd_m=A2FGELUUNOQJNL&pf_rd_p=12230b0e-0e00-43ed-9e59-8d5353703cce&pf_rd_r=20A1367B4J4KCQPGR7TR&pf_rd_s=center-1&pf_rd_t=15506&pf_rd_i=toptv&ref_=chttvtp_tt_173","https://m.media-amazon.com/images/M/MV5BYTVmZTRhNWItNmQ3Yi00MzNiLWJiZTctOWMyOWRlMDY4YWMyXkEyXkFqcGdeQXVyNjc3MjQzNTI@._V1_UY67_CR1,0,45,67_AL_.jpg","173.","Homicide: Life on the Street","(1993)","8.5"
"https://www.imdb.com/title/tt0088509/?pf_rd_m=A2FGELUUNOQJNL&pf_rd_p=12230b0e-0e00-43ed-9e59-8d5353703cce&pf_rd_r=20A1367B4J4KCQPGR7TR&pf_rd_s=center-1&pf_rd_t=15506&pf_rd_i=toptv&ref_=chttvtp_tt_174","https://m.media-amazon.com/images/M/MV5BYzI0YjYxY2UtNzRjNS00NTZiLTgzMDItNGEzMjU5MmE0ZWJmXkEyXkFqcGdeQXVyNjAwNDUxODI@._V1_UX45_CR0,0,45,67_AL_.jpg","174.","Dragon Ball","(1986)","8.5"
"https://www.imdb.com/title/tt0863046/?pf_rd_m=A2FGELUUNOQJNL&pf_rd_p=12230b0e-0e00-43ed-9e59-8d5353703cce&pf_rd_r=20A1367B4J4KCQPGR7TR&pf_rd_s=center-1&pf_rd_t=15506&pf_rd_i=toptv&ref_=chttvtp_tt_175","https://m.media-amazon.com/images/M/MV5BNTM4M2VhY2UtZTJmMi00YmFjLTk4OWItMzU2ZDA3NTUxZjYxXkEyXkFqcGdeQXVyNTA4NzY1MzY@._V1_UY67_CR1,0,45,67_AL_.jpg","175.","Flight of the Conchords","(2007)","8.5"
"https://www.imdb.com/title/tt0280249/?pf_rd_m=A2FGELUUNOQJNL&pf_rd_p=12230b0e-0e00-43ed-9e59-8d5353703cce&pf_rd_r=20A1367B4J4KCQPGR7TR&pf_rd_s=center-1&pf_rd_t=15506&pf_rd_i=toptv&ref_=chttvtp_tt_176","https://m.media-amazon.com/images/M/MV5BNDYyNTJkNmItYjgxNC00ODliLTg2MGMtZjkxNjEwYzdjNjUxXkEyXkFqcGdeQXVyNTA4NzY1MzY@._V1_UY67_CR4,0,45,67_AL_.jpg","176.","Dragon Ball","(1995)","8.5"
"https://www.imdb.com/title/tt0417373/?pf_rd_m=A2FGELUUNOQJNL&pf_rd_p=12230b0e-0e00-43ed-9e59-8d5353703cce&pf_rd_r=20A1367B4J4KCQPGR7TR&pf_rd_s=center-1&pf_rd_t=15506&pf_rd_i=toptv&ref_=chttvtp_tt_177","https://m.media-amazon.com/images/M/MV5BNjYwZjJhZDgtMDc2Mi00Y2U4LThjMzItZmYyZDYzZDNjMDI5XkEyXkFqcGdeQXVyNTA4NzY1MzY@._V1_UX45_CR0,0,45,67_AL_.jpg","177.","The Venture Bros.","(2003)","8.5"
"https://www.imdb.com/title/tt4063800/?pf_rd_m=A2FGELUUNOQJNL&pf_rd_p=12230b0e-0e00-43ed-9e59-8d5353703cce&pf_rd_r=20A1367B4J4KCQPGR7TR&pf_rd_s=center-1&pf_rd_t=15506&pf_rd_i=toptv&ref_=chttvtp_tt_178","https://m.media-amazon.com/images/M/MV5BOGRmMDEwOWUtNGI0Ny00YWY3LTkxNmEtZTkwN2FjMjU1YzgwXkEyXkFqcGdeQXVyNTk0MTE2NzU@._V1_UY67_CR2,0,45,67_AL_.jpg","178.","The Bureau","(2015)","8.5"
"https://www.imdb.com/title/tt0314979/?pf_rd_m=A2FGELUUNOQJNL&pf_rd_p=12230b0e-0e00-43ed-9e59-8d5353703cce&pf_rd_r=20A1367B4J4KCQPGR7TR&pf_rd_s=center-1&pf_rd_t=15506&pf_rd_i=toptv&ref_=chttvtp_tt_179","https://m.media-amazon.com/images/M/MV5BZjJlYzgzOWUtZmJlZi00ZGM4LTliNzctNWFkNThlMDJhZDQxXkEyXkFqcGdeQXVyNTA4NzY1MzY@._V1_UX45_CR0,0,45,67_AL_.jpg","179.","Battlestar Galactica","(2003)","8.5"
"https://www.imdb.com/title/tt0237123/?pf_rd_m=A2FGELUUNOQJNL&pf_rd_p=12230b0e-0e00-43ed-9e59-8d5353703cce&pf_rd_r=20A1367B4J4KCQPGR7TR&pf_rd_s=center-1&pf_rd_t=15506&pf_rd_i=toptv&ref_=chttvtp_tt_180","https://m.media-amazon.com/images/M/MV5BMzU4NmRkMTctZWQzMi00OGQwLWFjZGEtMTRlZGNmMDdhOGYzXkEyXkFqcGdeQXVyMTA0MTM5NjI2._V1_UX45_CR0,0,45,67_AL_.jpg","180.","Coupling","(2000)","8.5"
"https://www.imdb.com/title/tt2100976/?pf_rd_m=A2FGELUUNOQJNL&pf_rd_p=12230b0e-0e00-43ed-9e59-8d5353703cce&pf_rd_r=20A1367B4J4KCQPGR7TR&pf_rd_s=center-1&pf_rd_t=15506&pf_rd_i=toptv&ref_=chttvtp_tt_181","https://m.media-amazon.com/images/M/MV5BZjhlYTllNzgtOTQ5Ni00MTI1LWJmZjktOTc2NTZkYWVlYjllXkEyXkFqcGdeQXVyMDA4NzMyOA@@._V1_UY67_CR1,0,45,67_AL_.jpg","181.","Impractical Jokers","(2011)","8.5"
"https://www.imdb.com/title/tt6108262/?pf_rd_m=A2FGELUUNOQJNL&pf_rd_p=12230b0e-0e00-43ed-9e59-8d5353703cce&pf_rd_r=20A1367B4J4KCQPGR7TR&pf_rd_s=center-1&pf_rd_t=15506&pf_rd_i=toptv&ref_=chttvtp_tt_182","https://m.media-amazon.com/images/M/MV5BYjAzMzc3OTMtZTAzNi00OWI0LWJmOGEtYjI3MWZmY2IzNDkxXkEyXkFqcGdeQXVyMTk0MjQ3Nzk@._V1_UY67_CR1,0,45,67_AL_.jpg","182.","Black Sun","(2017)","8.5"
"https://www.imdb.com/title/tt0187664/?pf_rd_m=A2FGELUUNOQJNL&pf_rd_p=12230b0e-0e00-43ed-9e59-8d5353703cce&pf_rd_r=20A1367B4J4KCQPGR7TR&pf_rd_s=center-1&pf_rd_t=15506&pf_rd_i=toptv&ref_=chttvtp_tt_183","https://m.media-amazon.com/images/M/MV5BMmNjODUxNzctOWU2Zi00ZGU3LWI2MDEtMjZjNjE2MmJiMDZiXkEyXkFqcGdeQXVyNTA4NzY1MzY@._V1_UY67_CR1,0,45,67_AL_.jpg","183.","Spaced","(1999)","8.5"
"https://www.imdb.com/title/tt7908628/?pf_rd_m=A2FGELUUNOQJNL&pf_rd_p=12230b0e-0e00-43ed-9e59-8d5353703cce&pf_rd_r=20A1367B4J4KCQPGR7TR&pf_rd_s=center-1&pf_rd_t=15506&pf_rd_i=toptv&ref_=chttvtp_tt_184","https://m.media-amazon.com/images/M/MV5BNWYwNGMwNTItMzZiNS00YTNhLTg5ZDItOTE5YzdhYWRjOWQ2XkEyXkFqcGdeQXVyMTUzMTg2ODkz._V1_UY67_CR0,0,45,67_AL_.jpg","184.","What We Do in the Shadows","(2019)","8.5"
"https://www.imdb.com/title/tt8289930/?pf_rd_m=A2FGELUUNOQJNL&pf_rd_p=12230b0e-0e00-43ed-9e59-8d5353703cce&pf_rd_r=20A1367B4J4KCQPGR7TR&pf_rd_s=center-1&pf_rd_t=15506&pf_rd_i=toptv&ref_=chttvtp_tt_185","https://m.media-amazon.com/images/M/MV5BMzVkMGU0YWMtOWQxMC00MjFhLTg1NjAtMDFlZTZlYzJlMjlhXkEyXkFqcGdeQXVyMTMxODk2OTU@._V1_UY67_CR1,0,45,67_AL_.jpg","185.","Formula 1: Drive to Survive","(2019)","8.5"
"https://www.imdb.com/title/tt0403778/?pf_rd_m=A2FGELUUNOQJNL&pf_rd_p=12230b0e-0e00-43ed-9e59-8d5353703cce&pf_rd_r=20A1367B4J4KCQPGR7TR&pf_rd_s=center-1&pf_rd_t=15506&pf_rd_i=toptv&ref_=chttvtp_tt_186","https://m.media-amazon.com/images/M/MV5BYTAxNWFmMTktMDVjNC00YWFkLTg2NDQtNjQwODZlYmQ2YTA2XkEyXkFqcGdeQXVyNTAyODkwOQ@@._V1_UX45_CR0,0,45,67_AL_.jpg","186.","Long Way Round","(2004)","8.5"
"https://www.imdb.com/title/tt0086831/?pf_rd_m=A2FGELUUNOQJNL&pf_rd_p=12230b0e-0e00-43ed-9e59-8d5353703cce&pf_rd_r=20A1367B4J4KCQPGR7TR&pf_rd_s=center-1&pf_rd_t=15506&pf_rd_i=toptv&ref_=chttvtp_tt_187","https://m.media-amazon.com/images/M/MV5BMjkyZjY5Y2UtZmE1Ny00Mzk0LWEwZjgtYjYxZTYwNjhmMGIzXkEyXkFqcGdeQXVyNDMwODE5NDA@._V1_UX45_CR0,0,45,67_AL_.jpg","187.","Yes, Prime Minister","(1986)","8.5"
"https://www.imdb.com/title/tt0423731/?pf_rd_m=A2FGELUUNOQJNL&pf_rd_p=12230b0e-0e00-43ed-9e59-8d5353703cce&pf_rd_r=20A1367B4J4KCQPGR7TR&pf_rd_s=center-1&pf_rd_t=15506&pf_rd_i=toptv&ref_=chttvtp_tt_188","https://m.media-amazon.com/images/M/MV5BMzg1NmFlMzctYmVkNC00Y2M4LTgyOGQtNjkyYWFkZDQ4MGJjXkEyXkFqcGdeQXVyNjAwNDUxODI@._V1_UY67_CR0,0,45,67_AL_.jpg","188.","Samurai Champloo","(2004)","8.5"
"https://www.imdb.com/title/tt9544034/?pf_rd_m=A2FGELUUNOQJNL&pf_rd_p=12230b0e-0e00-43ed-9e59-8d5353703cce&pf_rd_r=20A1367B4J4KCQPGR7TR&pf_rd_s=center-1&pf_rd_t=15506&pf_rd_i=toptv&ref_=chttvtp_tt_189","https://m.media-amazon.com/images/M/MV5BMzRjZWVmMzItNTdmYS00OWEzLTgyOGUtNThiNTU2ZThlYjY0XkEyXkFqcGdeQXVyMTIxMDk2NDE4._V1_UY67_CR4,0,45,67_AL_.jpg","189.","The Family Man","(2019)","8.5"
"https://www.imdb.com/title/tt0487831/?pf_rd_m=A2FGELUUNOQJNL&pf_rd_p=12230b0e-0e00-43ed-9e59-8d5353703cce&pf_rd_r=20A1367B4J4KCQPGR7TR&pf_rd_s=center-1&pf_rd_t=15506&pf_rd_i=toptv&ref_=chttvtp_tt_190","https://m.media-amazon.com/images/M/MV5BMjE5MThjMzAtNWVmNC00YThkLTlmNzktMTM3Yzk4YTZhMTgwXkEyXkFqcGdeQXVyNTAyODkwOQ@@._V1_UY67_CR1,0,45,67_AL_.jpg","190.","The IT Crowd","(2006)","8.5"
"https://www.imdb.com/title/tt4158110/?pf_rd_m=A2FGELUUNOQJNL&pf_rd_p=12230b0e-0e00-43ed-9e59-8d5353703cce&pf_rd_r=20A1367B4J4KCQPGR7TR&pf_rd_s=center-1&pf_rd_t=15506&pf_rd_i=toptv&ref_=chttvtp_tt_191","https://m.media-amazon.com/images/M/MV5BM2QyNDIzOGMtNThhNS00NmUwLWI0ZjUtZjdkN2I1OTRjZWQ3XkEyXkFqcGdeQXVyNzQ1ODk3MTQ@._V1_UY67_CR1,0,45,67_AL_.jpg","191.","Mr. Robot","(2015)","8.5"
"https://www.imdb.com/title/tt0129690/?pf_rd_m=A2FGELUUNOQJNL&pf_rd_p=12230b0e-0e00-43ed-9e59-8d5353703cce&pf_rd_r=20A1367B4J4KCQPGR7TR&pf_rd_s=center-1&pf_rd_t=15506&pf_rd_i=toptv&ref_=chttvtp_tt_192","https://m.media-amazon.com/images/M/MV5BYmI1ZmI3ODctMThmMS00OTliLWIyZmYtOWQ2MDA3Nzg2NWI0XkEyXkFqcGdeQXVyOTMyODgwOTQ@._V1_UX45_CR0,0,45,67_AL_.jpg","192.","I'm Alan Partridge","(1997)","8.5"
"https://www.imdb.com/title/tt1492966/?pf_rd_m=A2FGELUUNOQJNL&pf_rd_p=12230b0e-0e00-43ed-9e59-8d5353703cce&pf_rd_r=20A1367B4J4KCQPGR7TR&pf_rd_s=center-1&pf_rd_t=15506&pf_rd_i=toptv&ref_=chttvtp_tt_193","https://m.media-amazon.com/images/M/MV5BOGI0ZjA5ZmUtMTY1ZC00NjZjLTk0MGEtNmQ2YTczY2Q3YTc0XkEyXkFqcGdeQXVyNDA5NTgxNjU@._V1_UY67_CR2,0,45,67_AL_.jpg","193.","Louie","(2010)","8.5"
"https://www.imdb.com/title/tt0163507/?pf_rd_m=A2FGELUUNOQJNL&pf_rd_p=12230b0e-0e00-43ed-9e59-8d5353703cce&pf_rd_r=20A1367B4J4KCQPGR7TR&pf_rd_s=center-1&pf_rd_t=15506&pf_rd_i=toptv&ref_=chttvtp_tt_194","https://m.media-amazon.com/images/M/MV5BYmJjMTVhYjQtMjBmMC00NWYxLTk2YmEtYWIxZDUzYjljZTYxXkEyXkFqcGdeQXVyNTA4NzY1MzY@._V1_UY67_CR0,0,45,67_AL_.jpg","194.","Whose Line Is It Anyway?","(1998)","8.5"
"https://www.imdb.com/title/tt0290978/?pf_rd_m=A2FGELUUNOQJNL&pf_rd_p=12230b0e-0e00-43ed-9e59-8d5353703cce&pf_rd_r=20A1367B4J4KCQPGR7TR&pf_rd_s=center-1&pf_rd_t=15506&pf_rd_i=toptv&ref_=chttvtp_tt_195","https://m.media-amazon.com/images/M/MV5BYWI2YmI2ZmMtMTZjMC00MzMzLWI5ODItNDY1OTg3YjNmZmUxXkEyXkFqcGdeQXVyNDA5NTgxNjU@._V1_UY67_CR1,0,45,67_AL_.jpg","195.","The Office","(2001)","8.5"
"https://www.imdb.com/title/tt1513168/?pf_rd_m=A2FGELUUNOQJNL&pf_rd_p=12230b0e-0e00-43ed-9e59-8d5353703cce&pf_rd_r=20A1367B4J4KCQPGR7TR&pf_rd_s=center-1&pf_rd_t=15506&pf_rd_i=toptv&ref_=chttvtp_tt_196","https://m.media-amazon.com/images/M/MV5BMDhkMTY2NGQtMWY4Mi00ZjhmLWIzNGYtZDJhODkwNTM5NTIzXkEyXkFqcGdeQXVyNDk3NDEzMzk@._V1_UY67_CR0,0,45,67_AL_.jpg","196.","Through the Wormhole","(2010)","8.5"
"https://www.imdb.com/title/tt1534360/?pf_rd_m=A2FGELUUNOQJNL&pf_rd_p=12230b0e-0e00-43ed-9e59-8d5353703cce&pf_rd_r=20A1367B4J4KCQPGR7TR&pf_rd_s=center-1&pf_rd_t=15506&pf_rd_i=toptv&ref_=chttvtp_tt_197","https://m.media-amazon.com/images/M/MV5BMjIzOTY1YTYtNmRhMC00MzAxLWEzMzUtM2ZiMmYwNTY0MjMyXkEyXkFqcGdeQXVyNDg4MjkzNDk@._V1_UY67_CR1,0,45,67_AL_.jpg","197.","Ezel","(2009)","8.5"
"https://www.imdb.com/title/tt7472896/?pf_rd_m=A2FGELUUNOQJNL&pf_rd_p=12230b0e-0e00-43ed-9e59-8d5353703cce&pf_rd_r=20A1367B4J4KCQPGR7TR&pf_rd_s=center-1&pf_rd_t=15506&pf_rd_i=toptv&ref_=chttvtp_tt_198","https://m.media-amazon.com/images/M/MV5BNWU4MTA0ZTItZmUyYi00ZGY3LWE2NTYtMDQ3N2RkZjcwYjk4XkEyXkFqcGdeQXVyMTkxNjUyNQ@@._V1_UY67_CR0,0,45,67_AL_.jpg","198.","Mr Inbetween","(2018)","8.5"
"https://www.imdb.com/title/tt10802170/?pf_rd_m=A2FGELUUNOQJNL&pf_rd_p=12230b0e-0e00-43ed-9e59-8d5353703cce&pf_rd_r=20A1367B4J4KCQPGR7TR&pf_rd_s=center-1&pf_rd_t=15506&pf_rd_i=toptv&ref_=chttvtp_tt_199","https://m.media-amazon.com/images/M/MV5BNGI3ZTgwMzItMTA0ZC00NTFhLTkzNTQtMDBkMDc2NmVmY2NkXkEyXkFqcGdeQXVyMTM1MTE1NDMx._V1_UY67_CR0,0,45,67_AL_.jpg","199.","The Rehearsal","(2022)","8.5"
"https://www.imdb.com/title/tt5897304/?pf_rd_m=A2FGELUUNOQJNL&pf_rd_p=12230b0e-0e00-43ed-9e59-8d5353703cce&pf_rd_r=20A1367B4J4KCQPGR7TR&pf_rd_s=center-1&pf_rd_t=15506&pf_rd_i=toptv&ref_=chttvtp_tt_200","https://m.media-amazon.com/images/M/MV5BYWIwZjhkMzgtOWExYi00ZGIwLTg1ZTktNjQyZWIxYWFmZTc0XkEyXkFqcGdeQXVyNjAwNDUxODI@._V1_UX45_CR0,0,45,67_AL_.jpg","200.","Mob Psycho 100","(2016)","8.5"
"https://www.imdb.com/title/tt0278238/?pf_rd_m=A2FGELUUNOQJNL&pf_rd_p=12230b0e-0e00-43ed-9e59-8d5353703cce&pf_rd_r=20A1367B4J4KCQPGR7TR&pf_rd_s=center-1&pf_rd_t=15506&pf_rd_i=toptv&ref_=chttvtp_tt_201","https://m.media-amazon.com/images/M/MV5BNDY3Y2E1NWYtMTFkZS00MzlmLTk2ZTItMTAyY2QxZDU1NjZhXkEyXkFqcGdeQXVyMTA0MTM5NjI2._V1_UX45_CR0,0,45,67_AL_.jpg","201.","Samurai Jack","(2001)","8.5"
"https://www.imdb.com/title/tt1442449/?pf_rd_m=A2FGELUUNOQJNL&pf_rd_p=12230b0e-0e00-43ed-9e59-8d5353703cce&pf_rd_r=20A1367B4J4KCQPGR7TR&pf_rd_s=center-1&pf_rd_t=15506&pf_rd_i=toptv&ref_=chttvtp_tt_202","https://m.media-amazon.com/images/M/MV5BZWQ4MjA2YzEtOTQzYi00NWQ1LWI0ZDEtN2VkZjhmYTc3MzU0XkEyXkFqcGdeQXVyNDIzMzcwNjc@._V1_UY67_CR0,0,45,67_AL_.jpg","202.","Spartacus","(2010)","8.5"
"https://www.imdb.com/title/tt4647692/?pf_rd_m=A2FGELUUNOQJNL&pf_rd_p=12230b0e-0e00-43ed-9e59-8d5353703cce&pf_rd_r=20A1367B4J4KCQPGR7TR&pf_rd_s=center-1&pf_rd_t=15506&pf_rd_i=toptv&ref_=chttvtp_tt_203","https://m.media-amazon.com/images/M/MV5BMzRjOWYyNDUtYTJhMC00ZmZmLThlYmYtOWJkMzk4MGQ2NDFhXkEyXkFqcGdeQXVyMjQyMDc5MA@@._V1_UX45_CR0,0,45,67_AL_.jpg","203.","Letterkenny","(2016)","8.5"
"https://www.imdb.com/title/tt2701582/?pf_rd_m=A2FGELUUNOQJNL&pf_rd_p=12230b0e-0e00-43ed-9e59-8d5353703cce&pf_rd_r=20A1367B4J4KCQPGR7TR&pf_rd_s=center-1&pf_rd_t=15506&pf_rd_i=toptv&ref_=chttvtp_tt_204","https://m.media-amazon.com/images/M/MV5BN2Q3ZTBmNjItOTM2Mi00ZjA4LWI5MTEtMTkzNDJmM2EwOWJkXkEyXkFqcGdeQXVyNDI3NjU1NzQ@._V1_UX45_CR0,0,45,67_AL_.jpg","204.","Endeavour","(2012)","8.5"
"https://www.imdb.com/title/tt4082744/?pf_rd_m=A2FGELUUNOQJNL&pf_rd_p=12230b0e-0e00-43ed-9e59-8d5353703cce&pf_rd_r=20A1367B4J4KCQPGR7TR&pf_rd_s=center-1&pf_rd_t=15506&pf_rd_i=toptv&ref_=chttvtp_tt_205","https://m.media-amazon.com/images/M/MV5BZGUyOWJiYTUtN2E0Ni00MGUwLTk4ZjktYzc3ZmRkNzVlNTU0XkEyXkFqcGdeQXVyMTExNDQ2MTI@._V1_UX45_CR0,0,45,67_AL_.jpg","205.","Detectorists","(2014)","8.5"
"https://www.imdb.com/title/tt1586680/?pf_rd_m=A2FGELUUNOQJNL&pf_rd_p=12230b0e-0e00-43ed-9e59-8d5353703cce&pf_rd_r=20A1367B4J4KCQPGR7TR&pf_rd_s=center-1&pf_rd_t=15506&pf_rd_i=toptv&ref_=chttvtp_tt_206","https://m.media-amazon.com/images/M/MV5BZDgxNjQ2MjMtMjk2Yi00M2Q2LWI0ZDktOGM1NWI5YWUzMjk4XkEyXkFqcGdeQXVyOTA3MTMyOTk@._V1_UX45_CR0,0,45,67_AL_.jpg","206.","Shameless","(2011)","8.5"
"https://www.imdb.com/title/tt1124373/?pf_rd_m=A2FGELUUNOQJNL&pf_rd_p=12230b0e-0e00-43ed-9e59-8d5353703cce&pf_rd_r=20A1367B4J4KCQPGR7TR&pf_rd_s=center-1&pf_rd_t=15506&pf_rd_i=toptv&ref_=chttvtp_tt_207","https://m.media-amazon.com/images/M/MV5BYTMxMGY1OGQtZmUzNy00NjhmLTlhNzItZDBiNzhlMTgwZjZlXkEyXkFqcGdeQXVyNDIzMzcwNjc@._V1_UY67_CR0,0,45,67_AL_.jpg","207.","Sons of Anarchy","(2008)","8.5"
"https://www.imdb.com/title/tt0112159/?pf_rd_m=A2FGELUUNOQJNL&pf_rd_p=12230b0e-0e00-43ed-9e59-8d5353703cce&pf_rd_r=20A1367B4J4KCQPGR7TR&pf_rd_s=center-1&pf_rd_t=15506&pf_rd_i=toptv&ref_=chttvtp_tt_208","https://m.media-amazon.com/images/M/MV5BODZkZjUxNmEtMGEyOS00ZDY5LTkxZDMtZTJkZDBiZTkyOWRkXkEyXkFqcGdeQXVyNjAwNDUxODI@._V1_UY67_CR1,0,45,67_AL_.jpg","208.","Neon Genesis Evangelion","(1995)","8.5"
"https://www.imdb.com/title/tt20869502/?pf_rd_m=A2FGELUUNOQJNL&pf_rd_p=12230b0e-0e00-43ed-9e59-8d5353703cce&pf_rd_r=20A1367B4J4KCQPGR7TR&pf_rd_s=center-1&pf_rd_t=15506&pf_rd_i=toptv&ref_=chttvtp_tt_209","https://m.media-amazon.com/images/M/MV5BMTAzNzlhYjItN2MxZS00ZTg4LWFmZGQtN2I1ZWE5YjgzODY3XkEyXkFqcGdeQXVyNjk1NzU1Mjk@._V1_UY67_CR1,0,45,67_AL_.jpg","209.","Extraordinary Attorney Woo","(2022)","8.5"
"https://www.imdb.com/title/tt0118273/?pf_rd_m=A2FGELUUNOQJNL&pf_rd_p=12230b0e-0e00-43ed-9e59-8d5353703cce&pf_rd_r=20A1367B4J4KCQPGR7TR&pf_rd_s=center-1&pf_rd_t=15506&pf_rd_i=toptv&ref_=chttvtp_tt_210","https://m.media-amazon.com/images/M/MV5BOGRjYzI3OGEtZDFmNi00OWQxLWFjODgtZDUyNWMxYjI4MjA5XkEyXkFqcGdeQXVyNTA4NzY1MzY@._V1_UY67_CR0,0,45,67_AL_.jpg","210.","Brass Eye","(1997)","8.5"
"https://www.imdb.com/title/tt13868972/?pf_rd_m=A2FGELUUNOQJNL&pf_rd_p=12230b0e-0e00-43ed-9e59-8d5353703cce&pf_rd_r=20A1367B4J4KCQPGR7TR&pf_rd_s=center-1&pf_rd_t=15506&pf_rd_i=toptv&ref_=chttvtp_tt_211","https://m.media-amazon.com/images/M/MV5BYjQ0YTdhZDctYzg5YS00NTNkLThiOWYtNDI5OTYzMGRkYWUyXkEyXkFqcGdeQXVyOTIxMzQ0NzU@._V1_UY67_CR2,0,45,67_AL_.jpg","211.","Rocket Boys","(2022)","8.5"
"https://www.imdb.com/title/tt0290988/?pf_rd_m=A2FGELUUNOQJNL&pf_rd_p=12230b0e-0e00-43ed-9e59-8d5353703cce&pf_rd_r=20A1367B4J4KCQPGR7TR&pf_rd_s=center-1&pf_rd_t=15506&pf_rd_i=toptv&ref_=chttvtp_tt_212","https://m.media-amazon.com/images/M/MV5BOTA0NTAwMTc1MF5BMl5BanBnXkFtZTgwODk2NjY0ODE@._V1_UY67_CR1,0,45,67_AL_.jpg","212.","Trailer Park Boys","(2001)","8.5"
"https://www.imdb.com/title/tt0417349/?pf_rd_m=A2FGELUUNOQJNL&pf_rd_p=12230b0e-0e00-43ed-9e59-8d5353703cce&pf_rd_r=20A1367B4J4KCQPGR7TR&pf_rd_s=center-1&pf_rd_t=15506&pf_rd_i=toptv&ref_=chttvtp_tt_213","https://m.media-amazon.com/images/M/MV5BYjU4NGI4MjQtOTJlZC00Y2UxLWFiMDAtODJhZDFmYmVjMTY3XkEyXkFqcGdeQXVyNTE1NjY5Mg@@._V1_UY67_CR1,0,45,67_AL_.jpg","213.","North & South","(2004)","8.5"
"https://www.imdb.com/title/tt5288312/?pf_rd_m=A2FGELUUNOQJNL&pf_rd_p=12230b0e-0e00-43ed-9e59-8d5353703cce&pf_rd_r=20A1367B4J4KCQPGR7TR&pf_rd_s=center-1&pf_rd_t=15506&pf_rd_i=toptv&ref_=chttvtp_tt_214","https://m.media-amazon.com/images/M/MV5BMzc5NmE5ZDItZGQxZC00ZTdhLThlYzktYjE0NWIyZDM3OGRlXkEyXkFqcGdeQXVyNTA4NzY1MzY@._V1_UY67_CR0,0,45,67_AL_.jpg","214.","Skam","(2015)","8.5"
"https://www.imdb.com/title/tt4093826/?pf_rd_m=A2FGELUUNOQJNL&pf_rd_p=12230b0e-0e00-43ed-9e59-8d5353703cce&pf_rd_r=20A1367B4J4KCQPGR7TR&pf_rd_s=center-1&pf_rd_t=15506&pf_rd_i=toptv&ref_=chttvtp_tt_215","https://m.media-amazon.com/images/M/MV5BZWZiNWI0MzgtMDMyYS00NDY2LWI0Y2YtNTQ2ZWJhNzU2NTEyXkEyXkFqcGdeQXVyOTA3MTMyOTk@._V1_UX45_CR0,0,45,67_AL_.jpg","215.","Twin Peaks","(2017)","8.5"
"https://www.imdb.com/title/tt0436992/?pf_rd_m=A2FGELUUNOQJNL&pf_rd_p=12230b0e-0e00-43ed-9e59-8d5353703cce&pf_rd_r=20A1367B4J4KCQPGR7TR&pf_rd_s=center-1&pf_rd_t=15506&pf_rd_i=toptv&ref_=chttvtp_tt_216","https://m.media-amazon.com/images/M/MV5BZWJhYjFmZDEtNTVlYy00NGExLWJhZWItNTAxODY5YTc3MDFmXkEyXkFqcGdeQXVyMTkxNjUyNQ@@._V1_UY67_CR1,0,45,67_AL_.jpg","216.","Doctor Who","(2005)","8.5"
"https://www.imdb.com/title/tt1758429/?pf_rd_m=A2FGELUUNOQJNL&pf_rd_p=12230b0e-0e00-43ed-9e59-8d5353703cce&pf_rd_r=20A1367B4J4KCQPGR7TR&pf_rd_s=center-1&pf_rd_t=15506&pf_rd_i=toptv&ref_=chttvtp_tt_217","https://m.media-amazon.com/images/M/MV5BMTYyMjI4NzYxOF5BMl5BanBnXkFtZTcwNTUwMTc1NA@@._V1_UX45_CR0,0,45,67_AL_.jpg","217.","Spartacus: Gods of the Arena","(2011)","8.5"
"https://www.imdb.com/title/tt0475784/?pf_rd_m=A2FGELUUNOQJNL&pf_rd_p=12230b0e-0e00-43ed-9e59-8d5353703cce&pf_rd_r=20A1367B4J4KCQPGR7TR&pf_rd_s=center-1&pf_rd_t=15506&pf_rd_i=toptv&ref_=chttvtp_tt_218","https://m.media-amazon.com/images/M/MV5BZDg1OWRiMTktZDdiNy00NTZlLTg2Y2EtNWRiMTcxMGE5YTUxXkEyXkFqcGdeQXVyMTM2MDY0OTYx._V1_UY67_CR0,0,45,67_AL_.jpg","218.","Westworld","(2016)","8.5"
"https://www.imdb.com/title/tt0421357/?pf_rd_m=A2FGELUUNOQJNL&pf_rd_p=12230b0e-0e00-43ed-9e59-8d5353703cce&pf_rd_r=20A1367B4J4KCQPGR7TR&pf_rd_s=center-1&pf_rd_t=15506&pf_rd_i=toptv&ref_=chttvtp_tt_219","https://m.media-amazon.com/images/M/MV5BMmI5NmFlZjItOTBhOC00NGI0LWIyNDAtODJhOTJjZDEyMTYyXkEyXkFqcGdeQXVyNjAwNDUxODI@._V1_UX45_CR0,0,45,67_AL_.jpg","219.","Fullmetal Alchemist","(2003)","8.5"
"https://www.imdb.com/title/tt2575988/?pf_rd_m=A2FGELUUNOQJNL&pf_rd_p=12230b0e-0e00-43ed-9e59-8d5353703cce&pf_rd_r=20A1367B4J4KCQPGR7TR&pf_rd_s=center-1&pf_rd_t=15506&pf_rd_i=toptv&ref_=chttvtp_tt_220","https://m.media-amazon.com/images/M/MV5BM2Q5YjNjZWMtYThmYy00N2ZjLWE2NDctNmZjMmZjYWE2NjEwXkEyXkFqcGdeQXVyMTAzMDM4MjM0._V1_UY67_CR1,0,45,67_AL_.jpg","220.","Silicon Valley","(2014)","8.5"
"https://www.imdb.com/title/tt0149460/?pf_rd_m=A2FGELUUNOQJNL&pf_rd_p=12230b0e-0e00-43ed-9e59-8d5353703cce&pf_rd_r=20A1367B4J4KCQPGR7TR&pf_rd_s=center-1&pf_rd_t=15506&pf_rd_i=toptv&ref_=chttvtp_tt_221","https://m.media-amazon.com/images/M/MV5BNzA2ZDk2ZTUtMWU2Yi00NDVmLTk1ODEtMmFmMjQyNWYzODI0XkEyXkFqcGdeQXVyNTA4NzY1MzY@._V1_UX45_CR0,0,45,67_AL_.jpg","221.","Futurama","(1999)","8.5"
"https://www.imdb.com/title/tt3428912/?pf_rd_m=A2FGELUUNOQJNL&pf_rd_p=12230b0e-0e00-43ed-9e59-8d5353703cce&pf_rd_r=20A1367B4J4KCQPGR7TR&pf_rd_s=center-1&pf_rd_t=15506&pf_rd_i=toptv&ref_=chttvtp_tt_222","https://m.media-amazon.com/images/M/MV5BNTBmYTQ5ZDYtM2NjMC00M2Q2LTg4NDAtODUxZTk0ZmFjMGVjXkEyXkFqcGdeQXVyNzQ5MzY0NjM@._V1_UY67_CR2,0,45,67_AL_.jpg","222.","Happy Valley","(2014)","8.5"
"https://www.imdb.com/title/tt0203082/?pf_rd_m=A2FGELUUNOQJNL&pf_rd_p=12230b0e-0e00-43ed-9e59-8d5353703cce&pf_rd_r=20A1367B4J4KCQPGR7TR&pf_rd_s=center-1&pf_rd_t=15506&pf_rd_i=toptv&ref_=chttvtp_tt_223","https://m.media-amazon.com/images/M/MV5BNWI3MTAxOWYtYjNhYi00N2QwLWIxNDMtOGYzZGE4ZmUzOWE3XkEyXkFqcGdeQXVyNjAwNDUxODI@._V1_UY67_CR1,0,45,67_AL_.jpg","223.","Rurouni Kenshin: Trust and Betrayal","(1999)","8.5"
"https://www.imdb.com/title/tt0120570/?pf_rd_m=A2FGELUUNOQJNL&pf_rd_p=12230b0e-0e00-43ed-9e59-8d5353703cce&pf_rd_r=20A1367B4J4KCQPGR7TR&pf_rd_s=center-1&pf_rd_t=15506&pf_rd_i=toptv&ref_=chttvtp_tt_224","https://m.media-amazon.com/images/M/MV5BMTc4MGZlZGEtODY1My00MmI4LWJkNDYtMDQwNThhM2Q0MTg1XkEyXkFqcGdeQXVyNTE1NjY5Mg@@._V1_UY67_CR0,0,45,67_AL_.jpg","224.","From the Earth to the Moon","(1998)","8.5"
"https://www.imdb.com/title/tt3526078/?pf_rd_m=A2FGELUUNOQJNL&pf_rd_p=12230b0e-0e00-43ed-9e59-8d5353703cce&pf_rd_r=20A1367B4J4KCQPGR7TR&pf_rd_s=center-1&pf_rd_t=15506&pf_rd_i=toptv&ref_=chttvtp_tt_225","https://m.media-amazon.com/images/M/MV5BNWQ1ZmM3MTQtNTVhZC00MWVlLWI5ZjgtYmZiYWQxZjUzZWM0XkEyXkFqcGdeQXVyMzQ2MDI5NjU@._V1_UX45_CR0,0,45,67_AL_.jpg","225.","Schitt's Creek","(2015)","8.4"
"https://www.imdb.com/title/tt4269716/?pf_rd_m=A2FGELUUNOQJNL&pf_rd_p=12230b0e-0e00-43ed-9e59-8d5353703cce&pf_rd_r=20A1367B4J4KCQPGR7TR&pf_rd_s=center-1&pf_rd_t=15506&pf_rd_i=toptv&ref_=chttvtp_tt_226","https://m.media-amazon.com/images/M/MV5BZjIyNWRlNTEtZDFmOC00YjJkLWJiNDktNWQzMmI1MmQyMDMyXkEyXkFqcGdeQXVyMzQ4MjE5ODk@._V1_UY67_CR1,0,45,67_AL_.jpg","226.","Umbre","(2014)","8.4"
"https://www.imdb.com/title/tt2243973/?pf_rd_m=A2FGELUUNOQJNL&pf_rd_p=12230b0e-0e00-43ed-9e59-8d5353703cce&pf_rd_r=20A1367B4J4KCQPGR7TR&pf_rd_s=center-1&pf_rd_t=15506&pf_rd_i=toptv&ref_=chttvtp_tt_227","https://m.media-amazon.com/images/M/MV5BNWU5YmJhNWEtZGVlOS00NmRhLThmNzUtYjAyMDA2MDg5ZTM4XkEyXkFqcGdeQXVyNDIzMzcwNjc@._V1_UY67_CR1,0,45,67_AL_.jpg","227.","Hannibal","(2013)","8.4"
"https://www.imdb.com/title/tt1710308/?pf_rd_m=A2FGELUUNOQJNL&pf_rd_p=12230b0e-0e00-43ed-9e59-8d5353703cce&pf_rd_r=20A1367B4J4KCQPGR7TR&pf_rd_s=center-1&pf_rd_t=15506&pf_rd_i=toptv&ref_=chttvtp_tt_228","https://m.media-amazon.com/images/M/MV5BNWJjZjQ5NWUtMTkwZC00NGY2LWEyMDEtMGIyZThkMmMyZTZlXkEyXkFqcGdeQXVyMTI2MzY3NTA3._V1_UX45_CR0,0,45,67_AL_.jpg","228.","Regular Show","(2010)","8.4"
"https://www.imdb.com/title/tt3230854/?pf_rd_m=A2FGELUUNOQJNL&pf_rd_p=12230b0e-0e00-43ed-9e59-8d5353703cce&pf_rd_r=20A1367B4J4KCQPGR7TR&pf_rd_s=center-1&pf_rd_t=15506&pf_rd_i=toptv&ref_=chttvtp_tt_229","https://m.media-amazon.com/images/M/MV5BZDVmMDljM2QtZDkzZC00ZDg2LWFiMGItZjNiNjliZjg2MGEzXkEyXkFqcGdeQXVyMjkwOTAyMDU@._V1_UX45_CR0,0,45,67_AL_.jpg","229.","The Expanse","(2015)","8.4"
"https://www.imdb.com/title/tt1439629/?pf_rd_m=A2FGELUUNOQJNL&pf_rd_p=12230b0e-0e00-43ed-9e59-8d5353703cce&pf_rd_r=20A1367B4J4KCQPGR7TR&pf_rd_s=center-1&pf_rd_t=15506&pf_rd_i=toptv&ref_=chttvtp_tt_230","https://m.media-amazon.com/images/M/MV5BNDQ5NDZiYjktZmFmMy00MjAxLTk1MDktOGZjYTY5YTE1ODdmXkEyXkFqcGdeQXVyNjcwMzEzMTU@._V1_UY67_CR1,0,45,67_AL_.jpg","230.","Community","(2009)","8.4"
"https://www.imdb.com/title/tt12343534/?pf_rd_m=A2FGELUUNOQJNL&pf_rd_p=12230b0e-0e00-43ed-9e59-8d5353703cce&pf_rd_r=20A1367B4J4KCQPGR7TR&pf_rd_s=center-1&pf_rd_t=15506&pf_rd_i=toptv&ref_=chttvtp_tt_231","https://m.media-amazon.com/images/M/MV5BMTMwMDM4N2EtOTJiYy00OTQ0LThlZDYtYWUwOWFlY2IxZGVjXkEyXkFqcGdeQXVyNjAwNDUxODI@._V1_UX45_CR0,0,45,67_AL_.jpg","231.","Jujutsu Kaisen","(2020)","8.4"
"https://www.imdb.com/title/tt2433738/?pf_rd_m=A2FGELUUNOQJNL&pf_rd_p=12230b0e-0e00-43ed-9e59-8d5353703cce&pf_rd_r=20A1367B4J4KCQPGR7TR&pf_rd_s=center-1&pf_rd_t=15506&pf_rd_i=toptv&ref_=chttvtp_tt_232","https://m.media-amazon.com/images/M/MV5BODk2NjQ5OGYtYTVlMi00ZWM2LTk4OGYtZjcwNjg1MzVjOGMxXkEyXkFqcGdeQXVyNTE1NjY5Mg@@._V1_UY67_CR0,0,45,67_AL_.jpg","232.","Wentworth","(2013)","8.4"
"https://www.imdb.com/title/tt4295140/?pf_rd_m=A2FGELUUNOQJNL&pf_rd_p=12230b0e-0e00-43ed-9e59-8d5353703cce&pf_rd_r=20A1367B4J4KCQPGR7TR&pf_rd_s=center-1&pf_rd_t=15506&pf_rd_i=toptv&ref_=chttvtp_tt_233","https://m.media-amazon.com/images/M/MV5BMjE3MDQ2OTYyN15BMl5BanBnXkFtZTgwNjQ0Nzg0NzM@._V1_UY67_CR0,0,45,67_AL_.jpg","233.","Chef's Table","(2015)","8.4"
"https://www.imdb.com/title/tt7278862/?pf_rd_m=A2FGELUUNOQJNL&pf_rd_p=12230b0e-0e00-43ed-9e59-8d5353703cce&pf_rd_r=20A1367B4J4KCQPGR7TR&pf_rd_s=center-1&pf_rd_t=15506&pf_rd_i=toptv&ref_=chttvtp_tt_234","https://m.media-amazon.com/images/M/MV5BODU3Nzg5NGMtOTE2MS00YWQ0LTgyYzktMWM3YjNmYjlmZTliXkEyXkFqcGdeQXVyMTMxODk2OTU@._V1_UY67_CR0,0,45,67_AL_.jpg","234.","My Brilliant Friend","(2018)","8.4"
"https://www.imdb.com/title/tt7221388/?pf_rd_m=A2FGELUUNOQJNL&pf_rd_p=12230b0e-0e00-43ed-9e59-8d5353703cce&pf_rd_r=20A1367B4J4KCQPGR7TR&pf_rd_s=center-1&pf_rd_t=15506&pf_rd_i=toptv&ref_=chttvtp_tt_235","https://m.media-amazon.com/images/M/MV5BYWU4ZmI0NTItZjcyNy00MzQ5LThiNDQtZDZkNjg1NWUwN2RhXkEyXkFqcGdeQXVyMTUzMTg2ODkz._V1_UY67_CR0,0,45,67_AL_.jpg","235.","Cobra Kai","(2018)","8.4"
"https://www.imdb.com/title/tt7120662/?pf_rd_m=A2FGELUUNOQJNL&pf_rd_p=12230b0e-0e00-43ed-9e59-8d5353703cce&pf_rd_r=20A1367B4J4KCQPGR7TR&pf_rd_s=center-1&pf_rd_t=15506&pf_rd_i=toptv&ref_=chttvtp_tt_236","https://m.media-amazon.com/images/M/MV5BNzU0MTFiNjUtNzIxMi00ZGZiLTgwZmUtMjIxOWNmMDE0NTE1XkEyXkFqcGdeQXVyNjg0NTcxMTg@._V1_UX45_CR0,0,45,67_AL_.jpg","236.","Derry Girls","(2018)","8.4"
"https://www.imdb.com/title/tt0995832/?pf_rd_m=A2FGELUUNOQJNL&pf_rd_p=12230b0e-0e00-43ed-9e59-8d5353703cce&pf_rd_r=20A1367B4J4KCQPGR7TR&pf_rd_s=center-1&pf_rd_t=15506&pf_rd_i=toptv&ref_=chttvtp_tt_237","https://m.media-amazon.com/images/M/MV5BMTM2NjAxOTQzNl5BMl5BanBnXkFtZTcwMjk4NzU3MQ@@._V1_UY67_CR2,0,45,67_AL_.jpg","237.","Generation Kill","(2008)","8.4"
"https://www.imdb.com/title/tt3895150/?pf_rd_m=A2FGELUUNOQJNL&pf_rd_p=12230b0e-0e00-43ed-9e59-8d5353703cce&pf_rd_r=20A1367B4J4KCQPGR7TR&pf_rd_s=center-1&pf_rd_t=15506&pf_rd_i=toptv&ref_=chttvtp_tt_238","https://m.media-amazon.com/images/M/MV5BYThlNWY5ZDgtYTIxNC00ZjdiLWJmNGUtMDFjMDlmZTAzOWFiXkEyXkFqcGdeQXVyNTM4NzAzNjc@._V1_UX45_CR0,0,45,67_AL_.jpg","238.","Your Lie in April","(2014)","8.4"
"https://www.imdb.com/title/tt2401256/?pf_rd_m=A2FGELUUNOQJNL&pf_rd_p=12230b0e-0e00-43ed-9e59-8d5353703cce&pf_rd_r=20A1367B4J4KCQPGR7TR&pf_rd_s=center-1&pf_rd_t=15506&pf_rd_i=toptv&ref_=chttvtp_tt_239","https://m.media-amazon.com/images/M/MV5BMjQyOTgxMDI0Nl5BMl5BanBnXkFtZTgwOTE4MzczOTE@._V1_UY67_CR0,0,45,67_AL_.jpg","239.","The Night Of","(2016)","8.4"
"https://www.imdb.com/title/tt0421291/?pf_rd_m=A2FGELUUNOQJNL&pf_rd_p=12230b0e-0e00-43ed-9e59-8d5353703cce&pf_rd_r=20A1367B4J4KCQPGR7TR&pf_rd_s=center-1&pf_rd_t=15506&pf_rd_i=toptv&ref_=chttvtp_tt_240","https://m.media-amazon.com/images/M/MV5BZDEzNzk4YmQtYWRhMi00ZGRmLTg2M2YtZjM2YTY0MWE1YWYwXkEyXkFqcGdeQXVyNDQ2MTMzODA@._V1_UY67_CR1,0,45,67_AL_.jpg","240.","Avrupa Yakasi","(2004)","8.4"
"https://www.imdb.com/title/tt1230180/?pf_rd_m=A2FGELUUNOQJNL&pf_rd_p=12230b0e-0e00-43ed-9e59-8d5353703cce&pf_rd_r=20A1367B4J4KCQPGR7TR&pf_rd_s=center-1&pf_rd_t=15506&pf_rd_i=toptv&ref_=chttvtp_tt_241","https://m.media-amazon.com/images/M/MV5BYzExNjRkZmItYzFlNi00ZWI5LWE2MTEtNTcyZDQ1Y2QyZjBiXkEyXkFqcGdeQXVyNjg3MDM4Mzc@._V1_UY67_CR1,0,45,67_AL_.jpg","241.","The Angry Video Game Nerd","(2004)","8.4"
"https://www.imdb.com/title/tt0047708/?pf_rd_m=A2FGELUUNOQJNL&pf_rd_p=12230b0e-0e00-43ed-9e59-8d5353703cce&pf_rd_r=20A1367B4J4KCQPGR7TR&pf_rd_s=center-1&pf_rd_t=15506&pf_rd_i=toptv&ref_=chttvtp_tt_242","https://m.media-amazon.com/images/M/MV5BOWQ1OGI0ZTItOTNkYi00NWFhLWE3ZWYtODVmMjkzMmM1NDYwXkEyXkFqcGdeQXVyNTA4NzY1MzY@._V1_UY67_CR1,0,45,67_AL_.jpg","242.","Alfred Hitchcock Presents","(1955)","8.4"
"https://www.imdb.com/title/tt0988818/?pf_rd_m=A2FGELUUNOQJNL&pf_rd_p=12230b0e-0e00-43ed-9e59-8d5353703cce&pf_rd_r=20A1367B4J4KCQPGR7TR&pf_rd_s=center-1&pf_rd_t=15506&pf_rd_i=toptv&ref_=chttvtp_tt_243","https://m.media-amazon.com/images/M/MV5BZmNiZTk5MDQtMjIwMi00ZDU4LTgxOWMtODYwOGU5N2E5YzY0XkEyXkFqcGdeQXVyNjAwNDUxODI@._V1_UY67_CR1,0,45,67_AL_.jpg","243.","Gintama","(2005)","8.4"
"https://www.imdb.com/title/tt1299368/?pf_rd_m=A2FGELUUNOQJNL&pf_rd_p=12230b0e-0e00-43ed-9e59-8d5353703cce&pf_rd_r=20A1367B4J4KCQPGR7TR&pf_rd_s=center-1&pf_rd_t=15506&pf_rd_i=toptv&ref_=chttvtp_tt_244","https://m.media-amazon.com/images/M/MV5BMjAwNzQ4MTMyMF5BMl5BanBnXkFtZTcwMDk3NTYyNw@@._V1_UY67_CR1,0,45,67_AL_.jpg","244.","Southland","(2009)","8.4"
"https://www.imdb.com/title/tt3920596/?pf_rd_m=A2FGELUUNOQJNL&pf_rd_p=12230b0e-0e00-43ed-9e59-8d5353703cce&pf_rd_r=20A1367B4J4KCQPGR7TR&pf_rd_s=center-1&pf_rd_t=15506&pf_rd_i=toptv&ref_=chttvtp_tt_245","https://m.media-amazon.com/images/M/MV5BZmNjYzdjN2ItOTBlNy00Mjc0LWE4YmMtYTQ4ZjQzNTMyNDc4XkEyXkFqcGdeQXVyMTkxNjUyNQ@@._V1_UY67_CR0,0,45,67_AL_.jpg","245.","Big Little Lies","(2017)","8.4"
"https://www.imdb.com/title/tt0310455/?pf_rd_m=A2FGELUUNOQJNL&pf_rd_p=12230b0e-0e00-43ed-9e59-8d5353703cce&pf_rd_r=20A1367B4J4KCQPGR7TR&pf_rd_s=center-1&pf_rd_t=15506&pf_rd_i=toptv&ref_=chttvtp_tt_246","https://m.media-amazon.com/images/M/MV5BOWIyYjcwNGYtZTZkNS00ODE3LWFhMzEtODE3OGVkZWZjY2Q4XkEyXkFqcGdeQXVyMjExMjk0ODk@._V1_UY67_CR1,0,45,67_AL_.jpg","246.","Foyle's War","(2002)","8.4"
"https://www.imdb.com/title/tt2937900/?pf_rd_m=A2FGELUUNOQJNL&pf_rd_p=12230b0e-0e00-43ed-9e59-8d5353703cce&pf_rd_r=20A1367B4J4KCQPGR7TR&pf_rd_s=center-1&pf_rd_t=15506&pf_rd_i=toptv&ref_=chttvtp_tt_247","https://m.media-amazon.com/images/M/MV5BMTQ5NzcyNDc5MV5BMl5BanBnXkFtZTgwMDMyOTY5NjE@._V1_UY67_CR0,0,45,67_AL_.jpg","247.","The Knick","(2014)","8.4"
"https://www.imdb.com/title/tt0262150/?pf_rd_m=A2FGELUUNOQJNL&pf_rd_p=12230b0e-0e00-43ed-9e59-8d5353703cce&pf_rd_r=20A1367B4J4KCQPGR7TR&pf_rd_s=center-1&pf_rd_t=15506&pf_rd_i=toptv&ref_=chttvtp_tt_248","https://m.media-amazon.com/images/M/MV5BYzEyMzY2MDAtMDlkMC00MTAwLTk0MTktNGFkOTEwMGIyNWI0XkEyXkFqcGdeQXVyMjMzNzExMjE@._V1_UY67_CR1,0,45,67_AL_.jpg","248.","Black Books","(2000)","8.4"
"https://www.imdb.com/title/tt7259746/?pf_rd_m=A2FGELUUNOQJNL&pf_rd_p=12230b0e-0e00-43ed-9e59-8d5353703cce&pf_rd_r=20A1367B4J4KCQPGR7TR&pf_rd_s=center-1&pf_rd_t=15506&pf_rd_i=toptv&ref_=chttvtp_tt_249","https://m.media-amazon.com/images/M/MV5BMTdiYmYxYjItYjU2OS00NTU3LWJhYTAtYzIxYmNjOTkwMTE0XkEyXkFqcGdeQXVyMTUyNjc3NDQ4._V1_UY67_CR4,0,45,67_AL_.jpg","249.","Queer Eye","(2018)","8.4"
"https://www.imdb.com/title/tt6958022/?pf_rd_m=A2FGELUUNOQJNL&pf_rd_p=12230b0e-0e00-43ed-9e59-8d5353703cce&pf_rd_r=20A1367B4J4KCQPGR7TR&pf_rd_s=center-1&pf_rd_t=15506&pf_rd_i=toptv&ref_=chttvtp_tt_250","https://m.media-amazon.com/images/M/MV5BNjAyMjg0MTMtZmUxZC00MzhiLTk1YzYtOGE4YWNmYmIzMjc4XkEyXkFqcGdeQXVyMTMxODk2OTU@._V1_UY67_CR0,0,45,67_AL_.jpg","250.","The Defiant Ones","(2017)","8.4"